avr. 30, 2025 12:04:18 AM client.Client requestFileList
INFOS: Available files: file1.txt;file2.txt
avr. 30, 2025 12:04:19 AM client.Client tryDownloadBlock
INFOS: Downloaded block 1 (1024 bytes)
avr. 30, 2025 12:04:19 AM client.Client tryDownloadBlock
INFOS: Downloaded block 0 (1024 bytes)
avr. 30, 2025 12:04:19 AM client.Client connect
INFOS: All downloads finished. Blocks received: 2
avr. 30, 2025 12:04:19 AM client.Client assembleFile
INFOS: File assembled successfully at: C:\Users\mishl\OneDrive\Bureau\Marco\Projet_Java_2025\.\client_files\file1.txt
avr. 30, 2025 12:04:19 AM client.Client assembleFile
INFOS: Number of blocks assembled: 2
avr. 30, 2025 12:04:19 AM client.Client sendMD5
INFOS: MD5 sent: a55fa882c6adadf5bdce6714035a9e76
avr. 30, 2025 12:04:19 AM client.Client startTrustedHelper
INFOS: Client ready to help others as TrustedHelper on port 0
avr. 30, 2025 12:04:19 AM client.Client registerAsHelper
INFOS: Registered as TrustedHelper: 127.0.0.1:54962
avr. 30, 2025 12:04:21 AM client.Client requestFileList
INFOS: Available files: file1.txt;file2.txt
avr. 30, 2025 12:04:21 AM client.Client tryDownloadBlock
INFOS: Downloaded block 0 (1024 bytes)
avr. 30, 2025 12:04:21 AM client.Client tryDownloadBlock
INFOS: Downloaded block 1 (1024 bytes)
avr. 30, 2025 12:04:21 AM client.Client connect
INFOS: All downloads finished. Blocks received: 2
avr. 30, 2025 12:04:21 AM client.Client assembleFile
INFOS: File assembled successfully at: C:\Users\mishl\OneDrive\Bureau\Marco\Projet_Java_2025\.\client_files\file1.txt
avr. 30, 2025 12:04:21 AM client.Client assembleFile
INFOS: Number of blocks assembled: 2
avr. 30, 2025 12:04:21 AM client.Client sendMD5
INFOS: MD5 sent: a55fa882c6adadf5bdce6714035a9e76
avr. 30, 2025 12:04:21 AM client.Client startTrustedHelper
INFOS: Client ready to help others as TrustedHelper on port 0
avr. 30, 2025 12:04:21 AM client.Client registerAsHelper
INFOS: Registered as TrustedHelper: 127.0.0.1:54971
avr. 30, 2025 12:04:24 AM client.Client requestFileList
INFOS: Available files: file1.txt;file2.txt
avr. 30, 2025 12:04:24 AM client.Client requestFileList
INFOS: Available files: file1.txt;file2.txt
avr. 30, 2025 12:04:24 AM client.Client tryDownloadBlock
INFOS: Downloaded block 0 (1024 bytes)
avr. 30, 2025 12:04:24 AM client.Client tryDownloadBlock
INFOS: Downloaded block 1 (1024 bytes)
avr. 30, 2025 12:04:24 AM client.Client connect
INFOS: All downloads finished. Blocks received: 2
avr. 30, 2025 12:04:24 AM client.Client tryDownloadBlock
INFOS: Downloaded block 0 (1024 bytes)
avr. 30, 2025 12:04:24 AM client.Client assembleFile
INFOS: File assembled successfully at: C:\Users\mishl\OneDrive\Bureau\Marco\Projet_Java_2025\.\client_files\file1.txt
avr. 30, 2025 12:04:24 AM client.Client assembleFile
INFOS: Number of blocks assembled: 2
avr. 30, 2025 12:04:24 AM client.Client sendMD5
INFOS: MD5 sent: a55fa882c6adadf5bdce6714035a9e76
avr. 30, 2025 12:04:24 AM client.Client startTrustedHelper
INFOS: Client ready to help others as TrustedHelper on port 0
avr. 30, 2025 12:04:24 AM client.Client tryDownloadBlock
INFOS: Downloaded block 1 (1024 bytes)
avr. 30, 2025 12:04:24 AM client.Client connect
INFOS: All downloads finished. Blocks received: 2
avr. 30, 2025 12:04:24 AM client.Client assembleFile
INFOS: File assembled successfully at: C:\Users\mishl\OneDrive\Bureau\Marco\Projet_Java_2025\.\client_files\file1.txt
avr. 30, 2025 12:04:24 AM client.Client assembleFile
INFOS: Number of blocks assembled: 2
avr. 30, 2025 12:04:24 AM client.Client sendMD5
INFOS: MD5 sent: a55fa882c6adadf5bdce6714035a9e76
avr. 30, 2025 12:04:24 AM client.Client startTrustedHelper
INFOS: Client ready to help others as TrustedHelper on port 0
avr. 30, 2025 12:04:24 AM client.Client registerAsHelper
INFOS: Registered as TrustedHelper: 127.0.0.1:54984
avr. 30, 2025 12:04:24 AM client.Client registerAsHelper
INFOS: Registered as TrustedHelper: 127.0.0.1:54985
avr. 30, 2025 12:06:27 AM client.Client requestFileList
INFOS: Available files: file1.txt;file2.txt
avr. 30, 2025 12:06:27 AM client.Client tryDownloadBlock
INFOS: Downloaded block 0 (1024 bytes)
avr. 30, 2025 12:06:27 AM client.Client tryDownloadBlock
INFOS: Downloaded block 1 (1024 bytes)
avr. 30, 2025 12:06:27 AM client.Client connect
INFOS: All downloads finished. Blocks received: 2
avr. 30, 2025 12:06:27 AM client.Client assembleFile
INFOS: File assembled successfully at: C:\Users\mishl\OneDrive\Bureau\Marco\Projet_Java_2025\.\client_files\file1.txt
avr. 30, 2025 12:06:27 AM client.Client assembleFile
INFOS: Number of blocks assembled: 2
avr. 30, 2025 12:06:27 AM client.Client sendMD5
INFOS: MD5 sent: a55fa882c6adadf5bdce6714035a9e76
avr. 30, 2025 12:06:27 AM client.Client startTrustedHelper
INFOS: Client ready to help others as TrustedHelper on port 0
avr. 30, 2025 12:06:27 AM client.Client registerAsHelper
INFOS: Registered as TrustedHelper: 127.0.0.1:55010
avr. 30, 2025 12:06:29 AM client.Client requestFileList
INFOS: Available files: file1.txt;file2.txt
avr. 30, 2025 12:06:29 AM client.Client tryDownloadBlock
INFOS: Downloaded block 0 (1024 bytes)
avr. 30, 2025 12:06:29 AM client.Client tryDownloadBlock
INFOS: Downloaded block 1 (1024 bytes)
avr. 30, 2025 12:06:29 AM client.Client connect
INFOS: All downloads finished. Blocks received: 2
avr. 30, 2025 12:06:29 AM client.Client assembleFile
INFOS: File assembled successfully at: C:\Users\mishl\OneDrive\Bureau\Marco\Projet_Java_2025\.\client_files\file1.txt
avr. 30, 2025 12:06:29 AM client.Client assembleFile
INFOS: Number of blocks assembled: 2
avr. 30, 2025 12:06:29 AM client.Client sendMD5
INFOS: MD5 sent: a55fa882c6adadf5bdce6714035a9e76
avr. 30, 2025 12:06:29 AM client.Client startTrustedHelper
INFOS: Client ready to help others as TrustedHelper on port 0
avr. 30, 2025 12:06:29 AM client.Client registerAsHelper
INFOS: Registered as TrustedHelper: 127.0.0.1:55018
avr. 30, 2025 12:06:32 AM client.Client requestFileList
INFOS: Available files: file1.txt;file2.txt
avr. 30, 2025 12:06:32 AM client.Client requestFileList
INFOS: Available files: file1.txt;file2.txt
avr. 30, 2025 12:06:32 AM client.Client tryDownloadBlock
INFOS: Downloaded block 1 (1024 bytes)
avr. 30, 2025 12:06:32 AM client.Client tryDownloadBlock
INFOS: Downloaded block 0 (1024 bytes)
avr. 30, 2025 12:06:32 AM client.Client tryDownloadBlock
AVERTISSEMENT: Error downloading block 0: Connection reset by peer
avr. 30, 2025 12:06:32 AM client.Client tryDownloadBlock
AVERTISSEMENT: Error downloading block 0: Connection refused: connect
avr. 30, 2025 12:06:33 AM client.Client tryDownloadBlock
AVERTISSEMENT: Error downloading block 0: Connection refused: connect
avr. 30, 2025 12:06:33 AM client.Client downloadBlock
GRAVE: Failed to download block 0 after 3 retries.
avr. 30, 2025 12:06:33 AM client.Client connect
INFOS: All downloads finished. Blocks received: 1
avr. 30, 2025 12:06:33 AM client.Client assembleFile
INFOS: File assembled successfully at: C:\Users\mishl\OneDrive\Bureau\Marco\Projet_Java_2025\.\client_files\file1.txt
avr. 30, 2025 12:06:33 AM client.Client assembleFile
INFOS: Number of blocks assembled: 1
avr. 30, 2025 12:06:33 AM client.Client sendMD5
GRAVE: Error computing or sending MD5: Connection refused: connect
avr. 30, 2025 12:06:33 AM client.Client startTrustedHelper
INFOS: Client ready to help others as TrustedHelper on port 0
avr. 30, 2025 12:06:34 AM client.Client registerAsHelper
AVERTISSEMENT: Failed to register helper: Connection refused: connect
avr. 30, 2025 12:06:34 AM client.Client connect
GRAVE: Client connection error: null
avr. 30, 2025 12:08:24 AM client.Client tryDownloadBlock
AVERTISSEMENT: Error downloading block 1: null
avr. 30, 2025 12:08:24 AM client.Client tryDownloadBlock
AVERTISSEMENT: Error downloading block 1: Connection refused: connect
avr. 30, 2025 12:08:25 AM client.Client tryDownloadBlock
AVERTISSEMENT: Error downloading block 1: Connection refused: connect
avr. 30, 2025 12:08:27 AM client.Client downloadBlock
GRAVE: Failed to download block 1 after 3 retries.
avr. 30, 2025 12:17:39 AM client.Client requestFileList
INFOS: Available files: file1.txt;file2.txt
avr. 30, 2025 12:17:39 AM client.Client tryDownloadBlock
INFOS: Downloaded block 1 (1024 bytes)
avr. 30, 2025 12:17:40 AM client.Client tryDownloadBlock
INFOS: Downloaded block 0 (1024 bytes)
avr. 30, 2025 12:17:40 AM client.Client connect
INFOS: All downloads finished. Blocks received: 2
avr. 30, 2025 12:17:43 AM client.Client assembleFile
INFOS: File assembled successfully at: C:\Users\mishl\OneDrive\Bureau\Marco\Projet_Java_2025\.\client_files\file1.txt
avr. 30, 2025 12:17:43 AM client.Client assembleFile
INFOS: Number of blocks assembled: 2
avr. 30, 2025 12:17:43 AM client.Client sendMD5
INFOS: MD5 sent: a55fa882c6adadf5bdce6714035a9e76
avr. 30, 2025 12:17:43 AM client.Client startTrustedHelper
INFOS: Client ready to help others as TrustedHelper on port 0
avr. 30, 2025 12:17:43 AM client.Client registerAsHelper
INFOS: Registered as TrustedHelper: 127.0.0.1:55131
avr. 30, 2025 12:17:45 AM client.Client requestFileList
INFOS: Available files: file1.txt;file2.txt
avr. 30, 2025 12:17:45 AM client.Client tryDownloadBlock
INFOS: Downloaded block 1 (1024 bytes)
avr. 30, 2025 12:17:46 AM client.Client tryDownloadBlock
INFOS: Downloaded block 0 (1024 bytes)
avr. 30, 2025 12:17:46 AM client.Client connect
INFOS: All downloads finished. Blocks received: 2
avr. 30, 2025 12:17:47 AM client.Client assembleFile
INFOS: File assembled successfully at: C:\Users\mishl\OneDrive\Bureau\Marco\Projet_Java_2025\.\client_files\file1.txt
avr. 30, 2025 12:17:47 AM client.Client assembleFile
INFOS: Number of blocks assembled: 2
avr. 30, 2025 12:17:47 AM client.Client sendMD5
INFOS: MD5 sent: a55fa882c6adadf5bdce6714035a9e76
avr. 30, 2025 12:17:47 AM client.Client startTrustedHelper
INFOS: Client ready to help others as TrustedHelper on port 0
avr. 30, 2025 12:17:47 AM client.Client registerAsHelper
INFOS: Registered as TrustedHelper: 127.0.0.1:55138
avr. 30, 2025 12:17:47 AM client.Client requestFileList
INFOS: Available files: file1.txt;file2.txt
avr. 30, 2025 12:17:48 AM client.Client tryDownloadBlock
AVERTISSEMENT: Error downloading block 0: Connection reset
avr. 30, 2025 12:17:48 AM client.Client requestFileList
INFOS: Available files: file1.txt;file2.txt
avr. 30, 2025 12:17:48 AM client.Client tryDownloadBlock
AVERTISSEMENT: Error downloading block 1: Connection refused: connect
avr. 30, 2025 12:17:49 AM client.Client tryDownloadBlock
AVERTISSEMENT: Error downloading block 0: Connection refused: connect
avr. 30, 2025 12:17:49 AM client.Client tryDownloadBlock
AVERTISSEMENT: Error downloading block 1: Connection refused: connect
avr. 30, 2025 12:17:49 AM client.Client tryDownloadBlock
AVERTISSEMENT: Error downloading block 0: Connection refused: connect
avr. 30, 2025 12:17:49 AM client.Client tryDownloadBlock
AVERTISSEMENT: Error downloading block 1: Connection refused: connect
avr. 30, 2025 12:17:49 AM client.Client tryDownloadBlock
AVERTISSEMENT: Error downloading block 1: Connection refused: connect
avr. 30, 2025 12:17:49 AM client.Client tryDownloadBlock
AVERTISSEMENT: Error downloading block 0: Connection refused: connect
avr. 30, 2025 12:17:49 AM client.Client tryDownloadBlock
AVERTISSEMENT: Error downloading block 0: Connection refused: connect
avr. 30, 2025 12:17:50 AM client.Client tryDownloadBlock
AVERTISSEMENT: Error downloading block 1: Connection refused: connect
avr. 30, 2025 12:17:50 AM client.Client tryDownloadBlock
AVERTISSEMENT: Error downloading block 0: Connection refused: connect
avr. 30, 2025 12:17:50 AM client.Client tryDownloadBlock
AVERTISSEMENT: Error downloading block 1: Connection refused: connect
avr. 30, 2025 12:17:51 AM client.Client downloadBlock
GRAVE: Failed to download block 0 after 3 retries.
avr. 30, 2025 12:17:51 AM client.Client downloadBlock
GRAVE: Failed to download block 1 after 3 retries.
avr. 30, 2025 12:17:51 AM client.Client connect
INFOS: All downloads finished. Blocks received: 0
avr. 30, 2025 12:17:51 AM client.Client downloadBlock
GRAVE: Failed to download block 0 after 3 retries.
avr. 30, 2025 12:17:51 AM client.Client downloadBlock
GRAVE: Failed to download block 1 after 3 retries.
avr. 30, 2025 12:17:51 AM client.Client assembleFile
INFOS: File assembled successfully at: C:\Users\mishl\OneDrive\Bureau\Marco\Projet_Java_2025\.\client_files\file1.txt
avr. 30, 2025 12:17:51 AM client.Client connect
INFOS: All downloads finished. Blocks received: 0
avr. 30, 2025 12:17:51 AM client.Client assembleFile
INFOS: Number of blocks assembled: 0
avr. 30, 2025 12:17:51 AM client.Client sendMD5
GRAVE: Error computing or sending MD5: Connection refused: connect
avr. 30, 2025 12:17:51 AM client.Client assembleFile
INFOS: File assembled successfully at: C:\Users\mishl\OneDrive\Bureau\Marco\Projet_Java_2025\.\client_files\file1.txt
avr. 30, 2025 12:17:51 AM client.Client assembleFile
INFOS: Number of blocks assembled: 0
avr. 30, 2025 12:17:51 AM client.Client startTrustedHelper
INFOS: Client ready to help others as TrustedHelper on port 0
avr. 30, 2025 12:17:51 AM client.Client sendMD5
GRAVE: Error computing or sending MD5: Connection refused: connect
avr. 30, 2025 12:17:51 AM client.Client startTrustedHelper
INFOS: Client ready to help others as TrustedHelper on port 0
avr. 30, 2025 12:17:52 AM client.Client registerAsHelper
AVERTISSEMENT: Failed to register helper: Connection refused: connect
avr. 30, 2025 12:17:52 AM client.Client registerAsHelper
AVERTISSEMENT: Failed to register helper: Connection refused: connect
avr. 30, 2025 12:43:22 AM client.Client requestFileList
INFOS: Available files: file1.txt;file2.txt
avr. 30, 2025 12:43:23 AM client.Client tryDownloadBlock
INFOS: Downloaded block 1 (1024 bytes)
avr. 30, 2025 12:43:23 AM client.Client tryDownloadBlock
INFOS: Downloaded block 0 (1024 bytes)
avr. 30, 2025 12:43:23 AM client.Client connect
INFOS: All downloads finished. Blocks received: 2
avr. 30, 2025 12:43:23 AM client.Client assembleFile
INFOS: File assembled successfully at: C:\Users\mishl\OneDrive\Bureau\Marco\Projet_Java_2025\.\client_files\file1.txt
avr. 30, 2025 12:43:23 AM client.Client assembleFile
INFOS: Number of blocks assembled: 2
avr. 30, 2025 12:43:23 AM client.Client sendMD5
INFOS: MD5 sent: a55fa882c6adadf5bdce6714035a9e76
avr. 30, 2025 12:43:23 AM client.Client startTrustedHelper
INFOS: Client ready to help others as TrustedHelper on port 0
avr. 30, 2025 12:43:23 AM client.Client registerAsHelper
INFOS: Registered as TrustedHelper: 127.0.0.1:55356
avr. 30, 2025 1:11:05 AM client.Client requestFileList
INFOS: Available files: file1.txt;file2.txt
avr. 30, 2025 1:11:06 AM client.Client tryDownloadBlock
INFOS: Downloaded block 1 (1024 bytes)
avr. 30, 2025 1:11:06 AM client.Client tryDownloadBlock
INFOS: Downloaded block 0 (1024 bytes)
avr. 30, 2025 1:11:06 AM client.Client connect
INFOS: All downloads finished. Blocks received: 2
avr. 30, 2025 1:11:06 AM client.Client assembleFile
INFOS: File assembled successfully at: C:\Users\mishl\OneDrive\Bureau\Marco\Projet_Java_2025\.\client_files\file1.txt
avr. 30, 2025 1:11:06 AM client.Client assembleFile
INFOS: Number of blocks assembled: 2
avr. 30, 2025 1:11:06 AM client.Client sendMD5
INFOS: MD5 sent: a55fa882c6adadf5bdce6714035a9e76
avr. 30, 2025 1:11:06 AM client.Client startTrustedHelper
INFOS: Client ready to help others as TrustedHelper on port 0
avr. 30, 2025 1:11:06 AM client.Client registerAsHelper
INFOS: Registered as TrustedHelper: 127.0.0.1:51295
avr. 30, 2025 1:17:58 AM client.Client requestFileList
INFOS: Available files: file1.txt;file2.txt
avr. 30, 2025 1:17:58 AM client.Client tryDownloadBlock
INFOS: Downloaded block 1 (1024 bytes)
avr. 30, 2025 1:17:58 AM client.Client tryDownloadBlock
INFOS: Downloaded block 0 (1024 bytes)
avr. 30, 2025 1:17:58 AM client.Client connect
INFOS: All downloads finished. Blocks received: 2
avr. 30, 2025 1:17:58 AM client.Client assembleFile
INFOS: File assembled successfully at: C:\Users\mishl\OneDrive\Bureau\Marco\Projet_Java_2025\.\client_files\file1.txt
avr. 30, 2025 1:17:58 AM client.Client assembleFile
INFOS: Number of blocks assembled: 2
avr. 30, 2025 1:17:58 AM client.Client sendMD5
INFOS: MD5 sent: a55fa882c6adadf5bdce6714035a9e76
avr. 30, 2025 1:17:58 AM client.Client startTrustedHelper
INFOS: Client ready to help others as TrustedHelper on port 0
avr. 30, 2025 1:17:59 AM client.Client registerAsHelper
INFOS: Registered as TrustedHelper: 127.0.0.1:53647
avr. 30, 2025 1:21:39 AM client.Client requestFileList
INFOS: Available files: file1.txt;file2.txt
avr. 30, 2025 1:21:39 AM client.Client tryDownloadBlock
INFOS: Downloaded block 0 (1024 bytes)
avr. 30, 2025 1:21:39 AM client.Client tryDownloadBlock
INFOS: Downloaded block 1 (1024 bytes)
avr. 30, 2025 1:21:39 AM client.Client connect
INFOS: All downloads finished. Blocks received: 2
avr. 30, 2025 1:21:39 AM client.Client assembleFile
INFOS: File assembled successfully at: C:\Users\mishl\OneDrive\Bureau\Marco\Projet_Java_2025\.\client_files\file1.txt
avr. 30, 2025 1:21:39 AM client.Client assembleFile
INFOS: Number of blocks assembled: 2
avr. 30, 2025 1:21:40 AM client.Client sendMD5
INFOS: MD5 sent: a55fa882c6adadf5bdce6714035a9e76
avr. 30, 2025 1:21:40 AM client.Client startTrustedHelper
INFOS: Client ready to help others as TrustedHelper on port 0
avr. 30, 2025 1:21:40 AM client.Client registerAsHelper
INFOS: Registered as TrustedHelper: 127.0.0.1:53725
avr. 30, 2025 1:21:42 AM client.Client requestFileList
INFOS: Available files: file1.txt;file2.txt
avr. 30, 2025 1:21:42 AM client.Client tryDownloadBlock
INFOS: Downloaded block 0 (1024 bytes)
avr. 30, 2025 1:21:42 AM client.Client tryDownloadBlock
INFOS: Downloaded block 1 (1024 bytes)
avr. 30, 2025 1:21:43 AM client.Client connect
INFOS: All downloads finished. Blocks received: 2
avr. 30, 2025 1:21:43 AM client.Client assembleFile
INFOS: File assembled successfully at: C:\Users\mishl\OneDrive\Bureau\Marco\Projet_Java_2025\.\client_files\file1.txt
avr. 30, 2025 1:21:43 AM client.Client assembleFile
INFOS: Number of blocks assembled: 2
avr. 30, 2025 1:21:43 AM client.Client sendMD5
GRAVE: Error computing or sending MD5: Connection refused: connect
avr. 30, 2025 1:21:43 AM client.Client startTrustedHelper
INFOS: Client ready to help others as TrustedHelper on port 0
avr. 30, 2025 1:21:43 AM client.Client registerAsHelper
AVERTISSEMENT: Failed to register helper: Connection refused: connect
avr. 30, 2025 1:21:44 AM client.Client requestFileList
AVERTISSEMENT: Error requesting file list: null
avr. 30, 2025 1:21:44 AM client.Client connect
GRAVE: File file1.txt not found on server.
avr. 30, 2025 1:28:24 AM client.Client requestFileList
INFOS: Available files: file1.txt;file2.txt
avr. 30, 2025 1:28:24 AM client.Client tryDownloadBlock
INFOS: Downloaded block 1 (1024 bytes)
avr. 30, 2025 1:28:24 AM client.Client tryDownloadBlock
INFOS: Downloaded block 0 (1024 bytes)
avr. 30, 2025 1:28:24 AM client.Client connect
INFOS: All downloads finished. Blocks received: 2
avr. 30, 2025 1:28:24 AM client.Client assembleFile
INFOS: File assembled successfully at: C:\Users\mishl\OneDrive\Bureau\Marco\Projet_Java_2025\.\client_files\file1.txt
avr. 30, 2025 1:28:24 AM client.Client assembleFile
INFOS: Number of blocks assembled: 2
avr. 30, 2025 1:28:24 AM client.Client sendMD5
INFOS: MD5 sent: a55fa882c6adadf5bdce6714035a9e76
avr. 30, 2025 1:28:24 AM client.Client startTrustedHelper
INFOS: Client ready to help others as TrustedHelper on port 0
avr. 30, 2025 1:28:25 AM client.Client registerAsHelper
INFOS: Registered as TrustedHelper: 127.0.0.1:53872
avr. 30, 2025 1:28:25 AM client.Client requestFileList
INFOS: Available files: file1.txt;file2.txt
avr. 30, 2025 1:28:27 AM client.Client tryDownloadBlock
INFOS: Downloaded block 0 (1024 bytes)
avr. 30, 2025 1:28:27 AM client.Client tryDownloadBlock
INFOS: Downloaded block 1 (1024 bytes)
avr. 30, 2025 1:28:28 AM client.Client connect
INFOS: All downloads finished. Blocks received: 2
avr. 30, 2025 1:28:28 AM client.Client assembleFile
INFOS: File assembled successfully at: C:\Users\mishl\OneDrive\Bureau\Marco\Projet_Java_2025\.\client_files\file1.txt
avr. 30, 2025 1:28:28 AM client.Client assembleFile
INFOS: Number of blocks assembled: 2
avr. 30, 2025 1:28:28 AM client.Client sendMD5
INFOS: MD5 sent: a55fa882c6adadf5bdce6714035a9e76
avr. 30, 2025 1:28:28 AM client.Client startTrustedHelper
INFOS: Client ready to help others as TrustedHelper on port 0
avr. 30, 2025 1:28:29 AM client.Client requestFileList
INFOS: Available files: file1.txt;file2.txt
avr. 30, 2025 1:28:29 AM client.Client requestFileList
INFOS: Available files: file1.txt;file2.txt
avr. 30, 2025 1:28:29 AM client.Client tryDownloadBlock
INFOS: Downloaded block 1 (1024 bytes)
avr. 30, 2025 1:28:30 AM client.Client tryDownloadBlock
INFOS: Downloaded block 0 (1024 bytes)
avr. 30, 2025 1:28:30 AM client.Client registerAsHelper
INFOS: Registered as TrustedHelper: 127.0.0.1:53878
avr. 30, 2025 1:28:30 AM client.Client tryDownloadBlock
INFOS: Downloaded block 0 (1024 bytes)
avr. 30, 2025 1:28:30 AM client.Client connect
INFOS: All downloads finished. Blocks received: 2
avr. 30, 2025 1:28:30 AM client.Client assembleFile
INFOS: File assembled successfully at: C:\Users\mishl\OneDrive\Bureau\Marco\Projet_Java_2025\.\client_files\file1.txt
avr. 30, 2025 1:28:30 AM client.Client assembleFile
INFOS: Number of blocks assembled: 2
avr. 30, 2025 1:28:30 AM client.Client tryDownloadBlock
INFOS: Downloaded block 1 (1024 bytes)
avr. 30, 2025 1:28:30 AM client.Client connect
INFOS: All downloads finished. Blocks received: 2
avr. 30, 2025 1:28:30 AM client.Client sendMD5
INFOS: MD5 sent: a55fa882c6adadf5bdce6714035a9e76
avr. 30, 2025 1:28:30 AM client.Client assembleFile
INFOS: File assembled successfully at: C:\Users\mishl\OneDrive\Bureau\Marco\Projet_Java_2025\.\client_files\file1.txt
avr. 30, 2025 1:28:30 AM client.Client assembleFile
INFOS: Number of blocks assembled: 2
avr. 30, 2025 1:28:30 AM client.Client sendMD5
INFOS: MD5 sent: a55fa882c6adadf5bdce6714035a9e76
avr. 30, 2025 1:28:30 AM client.Client startTrustedHelper
INFOS: Client ready to help others as TrustedHelper on port 0
avr. 30, 2025 1:28:30 AM client.Client startTrustedHelper
INFOS: Client ready to help others as TrustedHelper on port 0
avr. 30, 2025 1:28:31 AM client.Client registerAsHelper
INFOS: Registered as TrustedHelper: 127.0.0.1:53888
avr. 30, 2025 1:28:31 AM client.Client registerAsHelper
INFOS: Registered as TrustedHelper: 127.0.0.1:53889
avr. 30, 2025 1:31:18 AM client.Client requestFileList
INFOS: Available files: file1.txt;file2.txt
avr. 30, 2025 1:31:18 AM client.Client tryDownloadBlock
INFOS: Downloaded block 1 (1024 bytes)
avr. 30, 2025 1:31:18 AM client.Client tryDownloadBlock
INFOS: Downloaded block 0 (1024 bytes)
avr. 30, 2025 1:31:18 AM client.Client connect
INFOS: All downloads finished. Blocks received: 2
avr. 30, 2025 1:31:18 AM client.Client assembleFile
INFOS: File assembled successfully at: C:\Users\mishl\OneDrive\Bureau\Marco\Projet_Java_2025\.\client_files\file1.txt
avr. 30, 2025 1:31:18 AM client.Client assembleFile
INFOS: Number of blocks assembled: 2
avr. 30, 2025 1:31:18 AM client.Client sendMD5
INFOS: MD5 sent: a55fa882c6adadf5bdce6714035a9e76
avr. 30, 2025 1:31:18 AM client.Client startTrustedHelper
INFOS: Client ready to help others as TrustedHelper on port 0
avr. 30, 2025 1:31:19 AM client.Client registerAsHelper
INFOS: Registered as TrustedHelper: 127.0.0.1:53916
avr. 30, 2025 1:31:19 AM client.Client requestFileList
INFOS: Available files: file1.txt;file2.txt
avr. 30, 2025 1:31:19 AM client.Client tryDownloadBlock
INFOS: Downloaded block 1 (1024 bytes)
avr. 30, 2025 1:31:20 AM client.Client tryDownloadBlock
INFOS: Downloaded block 0 (1024 bytes)
avr. 30, 2025 1:31:20 AM client.Client connect
INFOS: All downloads finished. Blocks received: 2
avr. 30, 2025 1:31:21 AM client.Client assembleFile
INFOS: File assembled successfully at: C:\Users\mishl\OneDrive\Bureau\Marco\Projet_Java_2025\.\client_files\file1.txt
avr. 30, 2025 1:31:21 AM client.Client assembleFile
INFOS: Number of blocks assembled: 2
avr. 30, 2025 1:31:21 AM client.Client sendMD5
INFOS: MD5 sent: a55fa882c6adadf5bdce6714035a9e76
avr. 30, 2025 1:31:22 AM client.Client startTrustedHelper
INFOS: Client ready to help others as TrustedHelper on port 0
avr. 30, 2025 1:31:22 AM client.Client registerAsHelper
INFOS: Registered as TrustedHelper: 127.0.0.1:53924
avr. 30, 2025 1:31:22 AM client.Client requestFileList
INFOS: Available files: file1.txt;file2.txt
avr. 30, 2025 1:31:22 AM client.Client tryDownloadBlock
INFOS: Downloaded block 1 (1024 bytes)
avr. 30, 2025 1:31:22 AM client.Client tryDownloadBlock
INFOS: Downloaded block 0 (1024 bytes)
avr. 30, 2025 1:31:22 AM client.Client requestFileList
INFOS: Available files: file1.txt;file2.txt
avr. 30, 2025 1:31:22 AM client.Client connect
INFOS: All downloads finished. Blocks received: 2
avr. 30, 2025 1:31:22 AM client.Client assembleFile
INFOS: File assembled successfully at: C:\Users\mishl\OneDrive\Bureau\Marco\Projet_Java_2025\.\client_files\file1.txt
avr. 30, 2025 1:31:22 AM client.Client assembleFile
INFOS: Number of blocks assembled: 2
avr. 30, 2025 1:31:22 AM client.Client sendMD5
INFOS: MD5 sent: a55fa882c6adadf5bdce6714035a9e76
avr. 30, 2025 1:31:23 AM client.Client tryDownloadBlock
INFOS: Downloaded block 1 (1024 bytes)
avr. 30, 2025 1:31:23 AM client.Client startTrustedHelper
INFOS: Client ready to help others as TrustedHelper on port 0
avr. 30, 2025 1:31:23 AM client.Client tryDownloadBlock
INFOS: Downloaded block 0 (1024 bytes)
avr. 30, 2025 1:31:23 AM client.Client connect
INFOS: All downloads finished. Blocks received: 2
avr. 30, 2025 1:31:23 AM client.Client assembleFile
INFOS: File assembled successfully at: C:\Users\mishl\OneDrive\Bureau\Marco\Projet_Java_2025\.\client_files\file1.txt
avr. 30, 2025 1:31:23 AM client.Client assembleFile
INFOS: Number of blocks assembled: 2
avr. 30, 2025 1:31:23 AM client.Client sendMD5
INFOS: MD5 sent: a55fa882c6adadf5bdce6714035a9e76
avr. 30, 2025 1:31:23 AM client.Client startTrustedHelper
INFOS: Client ready to help others as TrustedHelper on port 0
avr. 30, 2025 1:31:23 AM client.Client registerAsHelper
INFOS: Registered as TrustedHelper: 127.0.0.1:53934
avr. 30, 2025 1:31:23 AM client.Client registerAsHelper
INFOS: Registered as TrustedHelper: 127.0.0.1:53935
avr. 30, 2025 1:42:27 AM client.Client requestFileList
INFOS: Available files: file1.txt;file2.txt
avr. 30, 2025 1:42:28 AM client.Client tryDownloadBlock
INFOS: Downloaded block 0 (1024 bytes)
avr. 30, 2025 1:42:28 AM client.Client tryDownloadBlock
INFOS: Downloaded block 1 (1024 bytes)
avr. 30, 2025 1:42:28 AM client.Client connect
INFOS: All downloads finished. Blocks received: 2
avr. 30, 2025 1:42:28 AM client.Client assembleFile
INFOS: File assembled successfully at: C:\Users\mishl\OneDrive\Bureau\Marco\Projet_Java_2025\.\client_files\file1.txt
avr. 30, 2025 1:42:28 AM client.Client assembleFile
INFOS: Number of blocks assembled: 2
avr. 30, 2025 1:42:28 AM client.Client sendMD5
INFOS: MD5 sent: a55fa882c6adadf5bdce6714035a9e76
avr. 30, 2025 1:42:28 AM client.Client startTrustedHelper
INFOS: Client ready to help others as TrustedHelper on port 0
avr. 30, 2025 1:42:29 AM client.Client registerAsHelper
INFOS: Registered as TrustedHelper: 127.0.0.1:54122
avr. 30, 2025 1:42:31 AM client.Client requestFileList
INFOS: Available files: file1.txt;file2.txt
avr. 30, 2025 1:42:31 AM client.Client tryDownloadBlock
INFOS: Downloaded block 1 (1024 bytes)
avr. 30, 2025 1:42:31 AM client.Client tryDownloadBlock
INFOS: Downloaded block 0 (1024 bytes)
avr. 30, 2025 1:42:31 AM client.Client connect
INFOS: All downloads finished. Blocks received: 2
avr. 30, 2025 1:42:31 AM client.Client assembleFile
INFOS: File assembled successfully at: C:\Users\mishl\OneDrive\Bureau\Marco\Projet_Java_2025\.\client_files\file1.txt
avr. 30, 2025 1:42:31 AM client.Client assembleFile
INFOS: Number of blocks assembled: 2
avr. 30, 2025 1:42:31 AM client.Client sendMD5
INFOS: MD5 sent: a55fa882c6adadf5bdce6714035a9e76
avr. 30, 2025 1:42:32 AM client.Client startTrustedHelper
INFOS: Client ready to help others as TrustedHelper on port 0
avr. 30, 2025 1:42:33 AM client.Client registerAsHelper
INFOS: Registered as TrustedHelper: 127.0.0.1:54128
avr. 30, 2025 1:42:33 AM client.Client requestFileList
INFOS: Available files: file1.txt;file2.txt
avr. 30, 2025 1:42:33 AM client.Client requestFileList
INFOS: Available files: file1.txt;file2.txt
avr. 30, 2025 1:42:33 AM client.Client tryDownloadBlock
INFOS: Downloaded block 1 (1024 bytes)
avr. 30, 2025 1:42:34 AM client.Client tryDownloadBlock
INFOS: Downloaded block 0 (1024 bytes)
avr. 30, 2025 1:42:34 AM client.Client tryDownloadBlock
INFOS: Downloaded block 1 (1024 bytes)
avr. 30, 2025 1:42:34 AM client.Client connect
INFOS: All downloads finished. Blocks received: 2
avr. 30, 2025 1:42:34 AM client.Client assembleFile
INFOS: File assembled successfully at: C:\Users\mishl\OneDrive\Bureau\Marco\Projet_Java_2025\.\client_files\file1.txt
avr. 30, 2025 1:42:34 AM client.Client assembleFile
INFOS: Number of blocks assembled: 2
avr. 30, 2025 1:42:34 AM client.Client sendMD5
INFOS: MD5 sent: a55fa882c6adadf5bdce6714035a9e76
avr. 30, 2025 1:42:34 AM client.Client tryDownloadBlock
INFOS: Downloaded block 0 (1024 bytes)
avr. 30, 2025 1:42:34 AM client.Client connect
INFOS: All downloads finished. Blocks received: 2
avr. 30, 2025 1:42:34 AM client.Client assembleFile
INFOS: File assembled successfully at: C:\Users\mishl\OneDrive\Bureau\Marco\Projet_Java_2025\.\client_files\file1.txt
avr. 30, 2025 1:42:34 AM client.Client assembleFile
INFOS: Number of blocks assembled: 2
avr. 30, 2025 1:42:34 AM client.Client sendMD5
INFOS: MD5 sent: a55fa882c6adadf5bdce6714035a9e76
avr. 30, 2025 1:42:34 AM client.Client startTrustedHelper
INFOS: Client ready to help others as TrustedHelper on port 0
avr. 30, 2025 1:42:34 AM client.Client registerAsHelper
INFOS: Registered as TrustedHelper: 127.0.0.1:54139
avr. 30, 2025 1:42:35 AM client.Client startTrustedHelper
INFOS: Client ready to help others as TrustedHelper on port 0
avr. 30, 2025 1:42:35 AM client.Client registerAsHelper
INFOS: Registered as TrustedHelper: 127.0.0.1:54141
avr. 30, 2025 1:51:29 AM client.Client requestFileList
INFOS: Available files: file1.txt;file2.txt
avr. 30, 2025 1:51:29 AM client.Client tryDownloadBlock
INFOS: Downloaded block 0 (1024 bytes)
avr. 30, 2025 1:51:29 AM client.Client tryDownloadBlock
INFOS: Downloaded block 1 (1024 bytes)
avr. 30, 2025 1:51:29 AM client.Client connect
INFOS: All downloads finished. Blocks received: 2
avr. 30, 2025 1:51:29 AM client.Client assembleFile
INFOS: File assembled successfully at: C:\Users\mishl\OneDrive\Bureau\Marco\Projet_Java_2025\.\client_files\file1.txt
avr. 30, 2025 1:51:29 AM client.Client assembleFile
INFOS: Number of blocks assembled: 2
avr. 30, 2025 1:51:29 AM client.Client sendMD5
INFOS: MD5 sent: a55fa882c6adadf5bdce6714035a9e76
avr. 30, 2025 1:51:29 AM client.Client startTrustedHelper
INFOS: Client ready to help others as TrustedHelper on port 0
avr. 30, 2025 1:51:29 AM client.Client registerAsHelper
INFOS: Registered as TrustedHelper: 127.0.0.1:54229
avr. 30, 2025 1:51:30 AM client.Client requestFileList
INFOS: Available files: file1.txt;file2.txt
avr. 30, 2025 1:51:30 AM client.Client tryDownloadBlock
INFOS: Downloaded block 1 (1024 bytes)
avr. 30, 2025 1:51:30 AM client.Client tryDownloadBlock
INFOS: Downloaded block 0 (1024 bytes)
avr. 30, 2025 1:51:30 AM client.Client connect
INFOS: All downloads finished. Blocks received: 2
avr. 30, 2025 1:51:30 AM client.Client assembleFile
INFOS: File assembled successfully at: C:\Users\mishl\OneDrive\Bureau\Marco\Projet_Java_2025\.\client_files\file1.txt
avr. 30, 2025 1:51:30 AM client.Client assembleFile
INFOS: Number of blocks assembled: 2
avr. 30, 2025 1:51:30 AM client.Client sendMD5
INFOS: MD5 sent: a55fa882c6adadf5bdce6714035a9e76
avr. 30, 2025 1:51:30 AM client.Client startTrustedHelper
INFOS: Client ready to help others as TrustedHelper on port 0
avr. 30, 2025 1:51:30 AM client.Client registerAsHelper
INFOS: Registered as TrustedHelper: 127.0.0.1:54237
avr. 30, 2025 1:51:33 AM client.Client requestFileList
INFOS: Available files: file1.txt;file2.txt
avr. 30, 2025 1:51:33 AM client.Client requestFileList
INFOS: Available files: file1.txt;file2.txt
avr. 30, 2025 1:51:33 AM client.Client tryDownloadBlock
INFOS: Downloaded block 0 (1024 bytes)
avr. 30, 2025 1:51:33 AM client.Client tryDownloadBlock
INFOS: Downloaded block 1 (1024 bytes)
avr. 30, 2025 1:51:33 AM client.Client tryDownloadBlock
INFOS: Downloaded block 0 (1024 bytes)
avr. 30, 2025 1:51:33 AM client.Client connect
INFOS: All downloads finished. Blocks received: 2
avr. 30, 2025 1:51:34 AM client.Client tryDownloadBlock
INFOS: Downloaded block 1 (1024 bytes)
avr. 30, 2025 1:51:34 AM client.Client assembleFile
INFOS: File assembled successfully at: C:\Users\mishl\OneDrive\Bureau\Marco\Projet_Java_2025\.\client_files\file1.txt
avr. 30, 2025 1:51:34 AM client.Client connect
INFOS: All downloads finished. Blocks received: 2
avr. 30, 2025 1:51:34 AM client.Client assembleFile
INFOS: Number of blocks assembled: 2
avr. 30, 2025 1:51:34 AM client.Client assembleFile
INFOS: File assembled successfully at: C:\Users\mishl\OneDrive\Bureau\Marco\Projet_Java_2025\.\client_files\file1.txt
avr. 30, 2025 1:51:34 AM client.Client sendMD5
INFOS: MD5 sent: a55fa882c6adadf5bdce6714035a9e76
avr. 30, 2025 1:51:34 AM client.Client assembleFile
INFOS: Number of blocks assembled: 2
avr. 30, 2025 1:51:34 AM client.Client sendMD5
INFOS: MD5 sent: a55fa882c6adadf5bdce6714035a9e76
avr. 30, 2025 1:51:34 AM client.Client startTrustedHelper
INFOS: Client ready to help others as TrustedHelper on port 0
avr. 30, 2025 1:51:34 AM client.Client startTrustedHelper
INFOS: Client ready to help others as TrustedHelper on port 0
avr. 30, 2025 1:51:34 AM client.Client registerAsHelper
INFOS: Registered as TrustedHelper: 127.0.0.1:54249
avr. 30, 2025 1:51:35 AM client.Client registerAsHelper
INFOS: Registered as TrustedHelper: 127.0.0.1:54248
avr. 30, 2025 1:58:14 AM client.Client requestFileList
INFOS: Available files: file1.txt;file2.txt
avr. 30, 2025 1:58:14 AM client.Client tryDownloadBlock
INFOS: Downloaded block 1 (1024 bytes)
avr. 30, 2025 1:58:14 AM client.Client tryDownloadBlock
INFOS: Downloaded block 0 (1024 bytes)
avr. 30, 2025 1:58:14 AM client.Client connect
INFOS: All downloads finished. Blocks received: 2
avr. 30, 2025 1:58:14 AM client.Client assembleFile
INFOS: File assembled successfully at: C:\Users\mishl\OneDrive\Bureau\Marco\Projet_Java_2025\.\client_files\file1.txt
avr. 30, 2025 1:58:14 AM client.Client assembleFile
INFOS: Number of blocks assembled: 2
avr. 30, 2025 1:58:14 AM client.Client sendMD5
INFOS: MD5 sent: a55fa882c6adadf5bdce6714035a9e76
avr. 30, 2025 1:58:14 AM client.Client startTrustedHelper
INFOS: Client ready to help others as TrustedHelper on port 0
avr. 30, 2025 1:58:15 AM client.Client registerAsHelper
INFOS: Registered as TrustedHelper: 127.0.0.1:54325
avr. 30, 2025 1:58:15 AM client.Client requestFileList
INFOS: Available files: file1.txt;file2.txt
avr. 30, 2025 1:58:15 AM client.Client tryDownloadBlock
INFOS: Downloaded block 0 (1024 bytes)
avr. 30, 2025 1:58:15 AM client.Client tryDownloadBlock
INFOS: Downloaded block 1 (1024 bytes)
avr. 30, 2025 1:58:15 AM client.Client connect
INFOS: All downloads finished. Blocks received: 2
avr. 30, 2025 1:58:15 AM client.Client assembleFile
INFOS: File assembled successfully at: C:\Users\mishl\OneDrive\Bureau\Marco\Projet_Java_2025\.\client_files\file1.txt
avr. 30, 2025 1:58:15 AM client.Client assembleFile
INFOS: Number of blocks assembled: 2
avr. 30, 2025 1:58:15 AM client.Client sendMD5
INFOS: MD5 sent: a55fa882c6adadf5bdce6714035a9e76
avr. 30, 2025 1:58:15 AM client.Client startTrustedHelper
INFOS: Client ready to help others as TrustedHelper on port 0
avr. 30, 2025 1:58:15 AM client.Client registerAsHelper
INFOS: Registered as TrustedHelper: 127.0.0.1:54333
avr. 30, 2025 1:58:18 AM client.Client requestFileList
INFOS: Available files: file1.txt;file2.txt
avr. 30, 2025 1:58:18 AM client.Client requestFileList
INFOS: Available files: file1.txt;file2.txt
avr. 30, 2025 1:58:18 AM client.Client tryDownloadBlock
INFOS: Downloaded block 0 (1024 bytes)
avr. 30, 2025 1:58:18 AM client.Client tryDownloadBlock
INFOS: Downloaded block 1 (1024 bytes)
avr. 30, 2025 1:58:18 AM client.Client connect
INFOS: All downloads finished. Blocks received: 2
avr. 30, 2025 1:58:18 AM client.Client tryDownloadBlock
INFOS: Downloaded block 0 (1024 bytes)
avr. 30, 2025 1:58:18 AM client.Client tryDownloadBlock
INFOS: Downloaded block 1 (1024 bytes)
avr. 30, 2025 1:58:18 AM client.Client assembleFile
INFOS: File assembled successfully at: C:\Users\mishl\OneDrive\Bureau\Marco\Projet_Java_2025\.\client_files\file1.txt
avr. 30, 2025 1:58:18 AM client.Client connect
INFOS: All downloads finished. Blocks received: 2
avr. 30, 2025 1:58:18 AM client.Client assembleFile
INFOS: Number of blocks assembled: 2
avr. 30, 2025 1:58:18 AM client.Client assembleFile
INFOS: File assembled successfully at: C:\Users\mishl\OneDrive\Bureau\Marco\Projet_Java_2025\.\client_files\file1.txt
avr. 30, 2025 1:58:18 AM client.Client sendMD5
INFOS: MD5 sent: a55fa882c6adadf5bdce6714035a9e76
avr. 30, 2025 1:58:18 AM client.Client assembleFile
INFOS: Number of blocks assembled: 2
avr. 30, 2025 1:58:18 AM client.Client sendMD5
INFOS: MD5 sent: a55fa882c6adadf5bdce6714035a9e76
avr. 30, 2025 1:58:18 AM client.Client startTrustedHelper
INFOS: Client ready to help others as TrustedHelper on port 0
avr. 30, 2025 1:58:18 AM client.Client startTrustedHelper
INFOS: Client ready to help others as TrustedHelper on port 0
avr. 30, 2025 1:58:18 AM client.Client registerAsHelper
INFOS: Registered as TrustedHelper: 127.0.0.1:54343
avr. 30, 2025 1:58:18 AM client.Client registerAsHelper
INFOS: Registered as TrustedHelper: 127.0.0.1:54344
avr. 30, 2025 1:59:38 AM client.Client requestFileList
INFOS: Available files: file1.txt;file2.txt
avr. 30, 2025 1:59:38 AM client.Client tryDownloadBlock
INFOS: Downloaded block 0 (1024 bytes)
avr. 30, 2025 1:59:38 AM client.Client tryDownloadBlock
INFOS: Downloaded block 1 (1024 bytes)
avr. 30, 2025 1:59:38 AM client.Client connect
INFOS: All downloads finished. Blocks received: 2
avr. 30, 2025 1:59:38 AM client.Client assembleFile
INFOS: File assembled successfully at: C:\Users\mishl\OneDrive\Bureau\Marco\Projet_Java_2025\.\client_files\file1.txt
avr. 30, 2025 1:59:38 AM client.Client assembleFile
INFOS: Number of blocks assembled: 2
avr. 30, 2025 1:59:38 AM client.Client sendMD5
INFOS: MD5 sent: a55fa882c6adadf5bdce6714035a9e76
avr. 30, 2025 1:59:38 AM client.Client startTrustedHelper
INFOS: Client ready to help others as TrustedHelper on port 0
avr. 30, 2025 1:59:39 AM client.Client registerAsHelper
INFOS: Registered as TrustedHelper: 127.0.0.1:54373
avr. 30, 2025 1:59:39 AM client.Client requestFileList
INFOS: Available files: file1.txt;file2.txt
avr. 30, 2025 1:59:39 AM client.Client tryDownloadBlock
INFOS: Downloaded block 1 (1024 bytes)
avr. 30, 2025 1:59:39 AM client.Client tryDownloadBlock
INFOS: Downloaded block 0 (1024 bytes)
avr. 30, 2025 1:59:39 AM client.Client connect
INFOS: All downloads finished. Blocks received: 2
avr. 30, 2025 1:59:39 AM client.Client assembleFile
INFOS: File assembled successfully at: C:\Users\mishl\OneDrive\Bureau\Marco\Projet_Java_2025\.\client_files\file1.txt
avr. 30, 2025 1:59:39 AM client.Client assembleFile
INFOS: Number of blocks assembled: 2
avr. 30, 2025 1:59:39 AM client.Client sendMD5
INFOS: MD5 sent: a55fa882c6adadf5bdce6714035a9e76
avr. 30, 2025 1:59:39 AM client.Client startTrustedHelper
INFOS: Client ready to help others as TrustedHelper on port 0
avr. 30, 2025 1:59:40 AM client.Client registerAsHelper
INFOS: Registered as TrustedHelper: 127.0.0.1:54380
avr. 30, 2025 1:59:42 AM client.Client requestFileList
INFOS: Available files: file1.txt;file2.txt
avr. 30, 2025 1:59:42 AM client.Client requestFileList
INFOS: Available files: file1.txt;file2.txt
avr. 30, 2025 1:59:42 AM client.Client tryDownloadBlock
INFOS: Downloaded block 1 (1024 bytes)
avr. 30, 2025 1:59:42 AM client.Client tryDownloadBlock
INFOS: Downloaded block 0 (1024 bytes)
avr. 30, 2025 1:59:42 AM client.Client tryDownloadBlock
INFOS: Downloaded block 1 (1024 bytes)
avr. 30, 2025 1:59:42 AM client.Client tryDownloadBlock
INFOS: Downloaded block 0 (1024 bytes)
avr. 30, 2025 1:59:42 AM client.Client connect
INFOS: All downloads finished. Blocks received: 2
avr. 30, 2025 1:59:42 AM client.Client connect
INFOS: All downloads finished. Blocks received: 2
avr. 30, 2025 1:59:42 AM client.Client assembleFile
INFOS: File assembled successfully at: C:\Users\mishl\OneDrive\Bureau\Marco\Projet_Java_2025\.\client_files\file1.txt
avr. 30, 2025 1:59:42 AM client.Client assembleFile
INFOS: File assembled successfully at: C:\Users\mishl\OneDrive\Bureau\Marco\Projet_Java_2025\.\client_files\file1.txt
avr. 30, 2025 1:59:42 AM client.Client assembleFile
INFOS: Number of blocks assembled: 2
avr. 30, 2025 1:59:42 AM client.Client assembleFile
INFOS: Number of blocks assembled: 2
avr. 30, 2025 1:59:42 AM client.Client sendMD5
INFOS: MD5 sent: a55fa882c6adadf5bdce6714035a9e76
avr. 30, 2025 1:59:42 AM client.Client sendMD5
INFOS: MD5 sent: a55fa882c6adadf5bdce6714035a9e76
avr. 30, 2025 1:59:42 AM client.Client startTrustedHelper
INFOS: Client ready to help others as TrustedHelper on port 0
avr. 30, 2025 1:59:42 AM client.Client startTrustedHelper
INFOS: Client ready to help others as TrustedHelper on port 0
avr. 30, 2025 1:59:42 AM client.Client registerAsHelper
INFOS: Registered as TrustedHelper: 127.0.0.1:54390
avr. 30, 2025 1:59:42 AM client.Client registerAsHelper
INFOS: Registered as TrustedHelper: 127.0.0.1:54391
avr. 30, 2025 2:00:54 AM client.Client requestFileList
INFOS: Available files: file1.txt;file2.txt
avr. 30, 2025 2:00:54 AM client.Client tryDownloadBlock
INFOS: Downloaded block 1 (1024 bytes)
avr. 30, 2025 2:00:54 AM client.Client tryDownloadBlock
INFOS: Downloaded block 0 (1024 bytes)
avr. 30, 2025 2:00:54 AM client.Client connect
INFOS: All downloads finished. Blocks received: 2
avr. 30, 2025 2:00:54 AM client.Client assembleFile
INFOS: File assembled successfully at: C:\Users\mishl\OneDrive\Bureau\Marco\Projet_Java_2025\.\client_files\file1.txt
avr. 30, 2025 2:00:54 AM client.Client assembleFile
INFOS: Number of blocks assembled: 2
avr. 30, 2025 2:00:54 AM client.Client sendMD5
INFOS: MD5 sent: a55fa882c6adadf5bdce6714035a9e76
avr. 30, 2025 2:00:54 AM client.Client startTrustedHelper
INFOS: Client ready to help others as TrustedHelper on port 0
avr. 30, 2025 2:00:55 AM client.Client registerAsHelper
INFOS: Registered as TrustedHelper: 127.0.0.1:54413
avr. 30, 2025 2:00:55 AM client.Client requestFileList
INFOS: Available files: file1.txt;file2.txt
avr. 30, 2025 2:00:55 AM client.Client tryDownloadBlock
INFOS: Downloaded block 1 (1024 bytes)
avr. 30, 2025 2:00:55 AM client.Client tryDownloadBlock
INFOS: Downloaded block 0 (1024 bytes)
avr. 30, 2025 2:00:56 AM client.Client connect
INFOS: All downloads finished. Blocks received: 2
avr. 30, 2025 2:00:56 AM client.Client assembleFile
INFOS: File assembled successfully at: C:\Users\mishl\OneDrive\Bureau\Marco\Projet_Java_2025\.\client_files\file1.txt
avr. 30, 2025 2:00:56 AM client.Client assembleFile
INFOS: Number of blocks assembled: 2
avr. 30, 2025 2:00:56 AM client.Client sendMD5
INFOS: MD5 sent: a55fa882c6adadf5bdce6714035a9e76
avr. 30, 2025 2:00:56 AM client.Client startTrustedHelper
INFOS: Client ready to help others as TrustedHelper on port 0
avr. 30, 2025 2:00:57 AM client.Client registerAsHelper
INFOS: Registered as TrustedHelper: 127.0.0.1:54419
avr. 30, 2025 2:00:58 AM client.Client requestFileList
INFOS: Available files: file1.txt;file2.txt
avr. 30, 2025 2:00:58 AM client.Client requestFileList
INFOS: Available files: file1.txt;file2.txt
avr. 30, 2025 2:00:58 AM client.Client tryDownloadBlock
INFOS: Downloaded block 1 (1024 bytes)
avr. 30, 2025 2:00:58 AM client.Client tryDownloadBlock
INFOS: Downloaded block 0 (1024 bytes)
avr. 30, 2025 2:00:58 AM client.Client connect
INFOS: All downloads finished. Blocks received: 2
avr. 30, 2025 2:00:59 AM client.Client tryDownloadBlock
INFOS: Downloaded block 1 (1024 bytes)
avr. 30, 2025 2:00:59 AM client.Client tryDownloadBlock
INFOS: Downloaded block 0 (1024 bytes)
avr. 30, 2025 2:00:59 AM client.Client assembleFile
INFOS: File assembled successfully at: C:\Users\mishl\OneDrive\Bureau\Marco\Projet_Java_2025\.\client_files\file1.txt
avr. 30, 2025 2:00:59 AM client.Client connect
INFOS: All downloads finished. Blocks received: 2
avr. 30, 2025 2:00:59 AM client.Client assembleFile
INFOS: Number of blocks assembled: 2
avr. 30, 2025 2:00:59 AM client.Client assembleFile
INFOS: File assembled successfully at: C:\Users\mishl\OneDrive\Bureau\Marco\Projet_Java_2025\.\client_files\file1.txt
avr. 30, 2025 2:00:59 AM client.Client sendMD5
INFOS: MD5 sent: a55fa882c6adadf5bdce6714035a9e76
avr. 30, 2025 2:00:59 AM client.Client assembleFile
INFOS: Number of blocks assembled: 2
avr. 30, 2025 2:00:59 AM client.Client sendMD5
INFOS: MD5 sent: a55fa882c6adadf5bdce6714035a9e76
avr. 30, 2025 2:00:59 AM client.Client startTrustedHelper
INFOS: Client ready to help others as TrustedHelper on port 0
avr. 30, 2025 2:00:59 AM client.Client startTrustedHelper
INFOS: Client ready to help others as TrustedHelper on port 0
avr. 30, 2025 2:00:59 AM client.Client registerAsHelper
INFOS: Registered as TrustedHelper: 127.0.0.1:54430
avr. 30, 2025 2:01:00 AM client.Client registerAsHelper
INFOS: Registered as TrustedHelper: 127.0.0.1:54432
avr. 30, 2025 2:02:01 AM client.Client requestFileList
INFOS: Available files: file1.txt;file2.txt
avr. 30, 2025 2:02:01 AM client.Client tryDownloadBlock
INFOS: Downloaded block 0 (1024 bytes)
avr. 30, 2025 2:02:01 AM client.Client tryDownloadBlock
INFOS: Downloaded block 1 (1024 bytes)
avr. 30, 2025 2:02:01 AM client.Client connect
INFOS: All downloads finished. Blocks received: 2
avr. 30, 2025 2:02:01 AM client.Client assembleFile
INFOS: File assembled successfully at: C:\Users\mishl\OneDrive\Bureau\Marco\Projet_Java_2025\.\client_files\file1.txt
avr. 30, 2025 2:02:01 AM client.Client assembleFile
INFOS: Number of blocks assembled: 2
avr. 30, 2025 2:02:01 AM client.Client sendMD5
INFOS: MD5 sent: a55fa882c6adadf5bdce6714035a9e76
avr. 30, 2025 2:02:01 AM client.Client startTrustedHelper
INFOS: Client ready to help others as TrustedHelper on port 0
avr. 30, 2025 2:02:02 AM client.Client registerAsHelper
INFOS: Registered as TrustedHelper: 127.0.0.1:56865
avr. 30, 2025 2:02:02 AM client.Client requestFileList
INFOS: Available files: file1.txt;file2.txt
avr. 30, 2025 2:02:02 AM client.Client tryDownloadBlock
INFOS: Downloaded block 1 (1024 bytes)
avr. 30, 2025 2:02:02 AM client.Client tryDownloadBlock
INFOS: Downloaded block 0 (1024 bytes)
avr. 30, 2025 2:02:02 AM client.Client connect
INFOS: All downloads finished. Blocks received: 2
avr. 30, 2025 2:02:02 AM client.Client assembleFile
INFOS: File assembled successfully at: C:\Users\mishl\OneDrive\Bureau\Marco\Projet_Java_2025\.\client_files\file1.txt
avr. 30, 2025 2:02:02 AM client.Client assembleFile
INFOS: Number of blocks assembled: 2
avr. 30, 2025 2:02:02 AM client.Client sendMD5
INFOS: MD5 sent: a55fa882c6adadf5bdce6714035a9e76
avr. 30, 2025 2:02:03 AM client.Client startTrustedHelper
INFOS: Client ready to help others as TrustedHelper on port 0
avr. 30, 2025 2:02:03 AM client.Client registerAsHelper
INFOS: Registered as TrustedHelper: 127.0.0.1:50221
avr. 30, 2025 2:02:05 AM client.Client requestFileList
INFOS: Available files: file1.txt;file2.txt
avr. 30, 2025 2:02:05 AM client.Client requestFileList
INFOS: Available files: file1.txt;file2.txt
avr. 30, 2025 2:02:05 AM client.Client tryDownloadBlock
INFOS: Downloaded block 0 (1024 bytes)
avr. 30, 2025 2:02:05 AM client.Client tryDownloadBlock
INFOS: Downloaded block 1 (1024 bytes)
avr. 30, 2025 2:02:05 AM client.Client connect
INFOS: All downloads finished. Blocks received: 2
avr. 30, 2025 2:02:05 AM client.Client tryDownloadBlock
AVERTISSEMENT: Error downloading block 0: null
avr. 30, 2025 2:02:05 AM client.Client assembleFile
INFOS: File assembled successfully at: C:\Users\mishl\OneDrive\Bureau\Marco\Projet_Java_2025\.\client_files\file1.txt
avr. 30, 2025 2:02:05 AM client.Client tryDownloadBlock
INFOS: Downloaded block 1 (1024 bytes)
avr. 30, 2025 2:02:05 AM client.Client assembleFile
INFOS: Number of blocks assembled: 2
avr. 30, 2025 2:02:05 AM client.Client sendMD5
INFOS: MD5 sent: a55fa882c6adadf5bdce6714035a9e76
avr. 30, 2025 2:02:05 AM client.Client startTrustedHelper
INFOS: Client ready to help others as TrustedHelper on port 0
avr. 30, 2025 2:02:05 AM client.Client registerAsHelper
INFOS: Registered as TrustedHelper: 127.0.0.1:50230
avr. 30, 2025 2:02:05 AM client.Client tryDownloadBlock
INFOS: Downloaded block 0 (1024 bytes)
avr. 30, 2025 2:02:06 AM client.Client connect
INFOS: All downloads finished. Blocks received: 2
avr. 30, 2025 2:02:06 AM client.Client assembleFile
INFOS: File assembled successfully at: C:\Users\mishl\OneDrive\Bureau\Marco\Projet_Java_2025\.\client_files\file1.txt
avr. 30, 2025 2:02:06 AM client.Client assembleFile
INFOS: Number of blocks assembled: 2
avr. 30, 2025 2:02:06 AM client.Client sendMD5
INFOS: MD5 sent: a55fa882c6adadf5bdce6714035a9e76
avr. 30, 2025 2:02:06 AM client.Client startTrustedHelper
INFOS: Client ready to help others as TrustedHelper on port 0
avr. 30, 2025 2:02:06 AM client.Client registerAsHelper
INFOS: Registered as TrustedHelper: 127.0.0.1:50234
avr. 30, 2025 2:11:06 AM client.Client requestFileList
INFOS: Available files: file1.txt;file2.txt
avr. 30, 2025 2:11:06 AM client.Client tryDownloadBlock
INFOS: Downloaded block 0 (1024 bytes)
avr. 30, 2025 2:11:06 AM client.Client tryDownloadBlock
INFOS: Downloaded block 1 (1024 bytes)
avr. 30, 2025 2:11:06 AM client.Client connect
INFOS: All downloads finished. Blocks received: 2
avr. 30, 2025 2:11:06 AM client.Client assembleFile
INFOS: File assembled successfully at: C:\Users\mishl\OneDrive\Bureau\Marco\Projet_Java_2025\.\client_files\file1.txt
avr. 30, 2025 2:11:06 AM client.Client assembleFile
INFOS: Number of blocks assembled: 2
avr. 30, 2025 2:11:06 AM client.Client sendMD5
INFOS: MD5 sent: a55fa882c6adadf5bdce6714035a9e76
avr. 30, 2025 2:11:06 AM client.Client startTrustedHelper
INFOS: Client ready to help others as TrustedHelper on port 0
avr. 30, 2025 2:11:06 AM client.Client registerAsHelper
INFOS: Registered as TrustedHelper: 127.0.0.1:59459
avr. 30, 2025 2:11:07 AM client.Client requestFileList
INFOS: Available files: file1.txt;file2.txt
avr. 30, 2025 2:11:07 AM client.Client tryDownloadBlock
INFOS: Downloaded block 0 (1024 bytes)
avr. 30, 2025 2:11:07 AM client.Client tryDownloadBlock
INFOS: Downloaded block 1 (1024 bytes)
avr. 30, 2025 2:11:07 AM client.Client connect
INFOS: All downloads finished. Blocks received: 2
avr. 30, 2025 2:11:07 AM client.Client assembleFile
INFOS: File assembled successfully at: C:\Users\mishl\OneDrive\Bureau\Marco\Projet_Java_2025\.\client_files\file1.txt
avr. 30, 2025 2:11:07 AM client.Client assembleFile
INFOS: Number of blocks assembled: 2
avr. 30, 2025 2:11:07 AM client.Client sendMD5
INFOS: MD5 sent: a55fa882c6adadf5bdce6714035a9e76
avr. 30, 2025 2:11:07 AM client.Client startTrustedHelper
INFOS: Client ready to help others as TrustedHelper on port 0
avr. 30, 2025 2:11:07 AM client.Client registerAsHelper
INFOS: Registered as TrustedHelper: 127.0.0.1:59467
avr. 30, 2025 2:11:10 AM client.Client requestFileList
INFOS: Available files: file1.txt;file2.txt
avr. 30, 2025 2:11:10 AM client.Client requestFileList
INFOS: Available files: file1.txt;file2.txt
avr. 30, 2025 2:11:10 AM client.Client tryDownloadBlock
INFOS: Downloaded block 0 (1024 bytes)
avr. 30, 2025 2:11:10 AM client.Client tryDownloadBlock
INFOS: Downloaded block 1 (1024 bytes)
avr. 30, 2025 2:11:10 AM client.Client connect
INFOS: All downloads finished. Blocks received: 2
avr. 30, 2025 2:11:10 AM client.Client assembleFile
INFOS: File assembled successfully at: C:\Users\mishl\OneDrive\Bureau\Marco\Projet_Java_2025\.\client_files\file1.txt
avr. 30, 2025 2:11:10 AM client.Client tryDownloadBlock
INFOS: Downloaded block 1 (1024 bytes)
avr. 30, 2025 2:11:10 AM client.Client assembleFile
INFOS: Number of blocks assembled: 2
avr. 30, 2025 2:11:10 AM client.Client sendMD5
INFOS: MD5 sent: a55fa882c6adadf5bdce6714035a9e76
avr. 30, 2025 2:11:10 AM client.Client tryDownloadBlock
INFOS: Downloaded block 0 (1024 bytes)
avr. 30, 2025 2:11:10 AM client.Client connect
INFOS: All downloads finished. Blocks received: 2
avr. 30, 2025 2:11:10 AM client.Client startTrustedHelper
INFOS: Client ready to help others as TrustedHelper on port 0
avr. 30, 2025 2:11:10 AM client.Client assembleFile
INFOS: File assembled successfully at: C:\Users\mishl\OneDrive\Bureau\Marco\Projet_Java_2025\.\client_files\file1.txt
avr. 30, 2025 2:11:10 AM client.Client assembleFile
INFOS: Number of blocks assembled: 2
avr. 30, 2025 2:11:10 AM client.Client sendMD5
INFOS: MD5 sent: a55fa882c6adadf5bdce6714035a9e76
avr. 30, 2025 2:11:10 AM client.Client startTrustedHelper
INFOS: Client ready to help others as TrustedHelper on port 0
avr. 30, 2025 2:11:10 AM client.Client registerAsHelper
INFOS: Registered as TrustedHelper: 127.0.0.1:59477
avr. 30, 2025 2:11:10 AM client.Client registerAsHelper
INFOS: Registered as TrustedHelper: 127.0.0.1:59478
avr. 30, 2025 2:12:44 AM client.Client requestFileList
INFOS: Available files: file1.txt;file2.txt
avr. 30, 2025 2:12:44 AM client.Client tryDownloadBlock
INFOS: Downloaded block 1 (1024 bytes)
avr. 30, 2025 2:12:45 AM client.Client tryDownloadBlock
INFOS: Downloaded block 0 (1024 bytes)
avr. 30, 2025 2:12:45 AM client.Client connect
INFOS: All downloads finished. Blocks received: 2
avr. 30, 2025 2:12:45 AM client.Client assembleFile
INFOS: File assembled successfully at: C:\Users\mishl\OneDrive\Bureau\Marco\Projet_Java_2025\.\client_files\file1.txt
avr. 30, 2025 2:12:45 AM client.Client assembleFile
INFOS: Number of blocks assembled: 2
avr. 30, 2025 2:12:45 AM client.Client sendMD5
INFOS: MD5 sent: a55fa882c6adadf5bdce6714035a9e76
avr. 30, 2025 2:12:45 AM client.Client startTrustedHelper
INFOS: Client ready to help others as TrustedHelper on port 0
avr. 30, 2025 2:12:46 AM client.Client registerAsHelper
INFOS: Registered as TrustedHelper: 127.0.0.1:59525
avr. 30, 2025 2:12:47 AM client.Client requestFileList
INFOS: Available files: file1.txt;file2.txt
avr. 30, 2025 2:12:47 AM client.Client tryDownloadBlock
INFOS: Downloaded block 0 (1024 bytes)
avr. 30, 2025 2:12:47 AM client.Client tryDownloadBlock
INFOS: Downloaded block 1 (1024 bytes)
avr. 30, 2025 2:12:47 AM client.Client connect
INFOS: All downloads finished. Blocks received: 2
avr. 30, 2025 2:12:48 AM client.Client assembleFile
INFOS: File assembled successfully at: C:\Users\mishl\OneDrive\Bureau\Marco\Projet_Java_2025\.\client_files\file1.txt
avr. 30, 2025 2:12:48 AM client.Client assembleFile
INFOS: Number of blocks assembled: 2
avr. 30, 2025 2:12:48 AM client.Client sendMD5
INFOS: MD5 sent: a55fa882c6adadf5bdce6714035a9e76
avr. 30, 2025 2:12:49 AM client.Client startTrustedHelper
INFOS: Client ready to help others as TrustedHelper on port 0
avr. 30, 2025 2:12:49 AM client.Client registerAsHelper
INFOS: Registered as TrustedHelper: 127.0.0.1:59531
avr. 30, 2025 2:12:50 AM client.Client requestFileList
INFOS: Available files: file1.txt;file2.txt
avr. 30, 2025 2:12:50 AM client.Client requestFileList
INFOS: Available files: file1.txt;file2.txt
avr. 30, 2025 2:12:50 AM client.Client tryDownloadBlock
INFOS: Downloaded block 1 (1024 bytes)
avr. 30, 2025 2:12:50 AM client.Client tryDownloadBlock
INFOS: Downloaded block 0 (1024 bytes)
avr. 30, 2025 2:12:50 AM client.Client connect
INFOS: All downloads finished. Blocks received: 2
avr. 30, 2025 2:12:50 AM client.Client assembleFile
INFOS: File assembled successfully at: C:\Users\mishl\OneDrive\Bureau\Marco\Projet_Java_2025\.\client_files\file1.txt
avr. 30, 2025 2:12:50 AM client.Client assembleFile
INFOS: Number of blocks assembled: 2
avr. 30, 2025 2:12:50 AM client.Client tryDownloadBlock
INFOS: Downloaded block 1 (1024 bytes)
avr. 30, 2025 2:12:50 AM client.Client sendMD5
INFOS: MD5 sent: a55fa882c6adadf5bdce6714035a9e76
avr. 30, 2025 2:12:50 AM client.Client tryDownloadBlock
INFOS: Downloaded block 0 (1024 bytes)
avr. 30, 2025 2:12:50 AM client.Client connect
INFOS: All downloads finished. Blocks received: 2
avr. 30, 2025 2:12:50 AM client.Client startTrustedHelper
INFOS: Client ready to help others as TrustedHelper on port 0
avr. 30, 2025 2:12:50 AM client.Client assembleFile
INFOS: File assembled successfully at: C:\Users\mishl\OneDrive\Bureau\Marco\Projet_Java_2025\.\client_files\file1.txt
avr. 30, 2025 2:12:50 AM client.Client assembleFile
INFOS: Number of blocks assembled: 2
avr. 30, 2025 2:12:50 AM client.Client sendMD5
INFOS: MD5 sent: a55fa882c6adadf5bdce6714035a9e76
avr. 30, 2025 2:12:51 AM client.Client startTrustedHelper
INFOS: Client ready to help others as TrustedHelper on port 0
avr. 30, 2025 2:12:51 AM client.Client registerAsHelper
INFOS: Registered as TrustedHelper: 127.0.0.1:59541
avr. 30, 2025 2:12:51 AM client.Client registerAsHelper
INFOS: Registered as TrustedHelper: 127.0.0.1:59542
avr. 30, 2025 2:18:46 AM client.Client requestFileList
INFOS: Available files: file1.txt;file2.txt
avr. 30, 2025 2:18:46 AM client.Client tryDownloadBlock
INFOS: Downloaded block 0 (1024 bytes)
avr. 30, 2025 2:18:47 AM client.Client tryDownloadBlock
INFOS: Downloaded block 1 (1024 bytes)
avr. 30, 2025 2:18:47 AM client.Client connect
INFOS: All downloads finished. Blocks received: 2
avr. 30, 2025 2:18:47 AM client.Client assembleFile
INFOS: File assembled successfully at: C:\Users\mishl\OneDrive\Bureau\Marco\Projet_Java_2025\.\client_files\file1.txt
avr. 30, 2025 2:18:47 AM client.Client assembleFile
INFOS: Number of blocks assembled: 2
avr. 30, 2025 2:18:47 AM client.Client sendMD5
INFOS: MD5 sent: a55fa882c6adadf5bdce6714035a9e76
avr. 30, 2025 2:18:47 AM client.Client startTrustedHelper
INFOS: Client ready to help others as TrustedHelper on port 0
avr. 30, 2025 2:18:47 AM client.Client registerAsHelper
INFOS: Registered as TrustedHelper: 127.0.0.1:59615
avr. 30, 2025 2:18:48 AM client.Client requestFileList
INFOS: Available files: file1.txt;file2.txt
avr. 30, 2025 2:18:48 AM client.Client tryDownloadBlock
INFOS: Downloaded block 0 (1024 bytes)
avr. 30, 2025 2:18:49 AM client.Client tryDownloadBlock
INFOS: Downloaded block 1 (1024 bytes)
avr. 30, 2025 2:18:49 AM client.Client connect
INFOS: All downloads finished. Blocks received: 2
avr. 30, 2025 2:18:50 AM client.Client assembleFile
INFOS: File assembled successfully at: C:\Users\mishl\OneDrive\Bureau\Marco\Projet_Java_2025\.\client_files\file1.txt
avr. 30, 2025 2:18:50 AM client.Client assembleFile
INFOS: Number of blocks assembled: 2
avr. 30, 2025 2:18:50 AM client.Client sendMD5
INFOS: MD5 sent: a55fa882c6adadf5bdce6714035a9e76
avr. 30, 2025 2:18:51 AM client.Client startTrustedHelper
INFOS: Client ready to help others as TrustedHelper on port 0
avr. 30, 2025 2:18:51 AM client.Client registerAsHelper
INFOS: Registered as TrustedHelper: 127.0.0.1:59622
avr. 30, 2025 2:18:51 AM client.Client requestFileList
INFOS: Available files: file1.txt;file2.txt
avr. 30, 2025 2:18:52 AM client.Client requestFileList
INFOS: Available files: file1.txt;file2.txt
avr. 30, 2025 2:18:52 AM client.Client tryDownloadBlock
INFOS: Downloaded block 0 (1024 bytes)
avr. 30, 2025 2:18:52 AM client.Client tryDownloadBlock
INFOS: Downloaded block 1 (1024 bytes)
avr. 30, 2025 2:18:53 AM client.Client tryDownloadBlock
INFOS: Downloaded block 1 (1024 bytes)
avr. 30, 2025 2:18:53 AM client.Client connect
INFOS: All downloads finished. Blocks received: 2
avr. 30, 2025 2:18:53 AM client.Client tryDownloadBlock
INFOS: Downloaded block 0 (1024 bytes)
avr. 30, 2025 2:18:53 AM client.Client assembleFile
INFOS: File assembled successfully at: C:\Users\mishl\OneDrive\Bureau\Marco\Projet_Java_2025\.\client_files\file1.txt
avr. 30, 2025 2:18:53 AM client.Client connect
INFOS: All downloads finished. Blocks received: 2
avr. 30, 2025 2:18:53 AM client.Client assembleFile
INFOS: Number of blocks assembled: 2
avr. 30, 2025 2:18:53 AM client.Client assembleFile
INFOS: File assembled successfully at: C:\Users\mishl\OneDrive\Bureau\Marco\Projet_Java_2025\.\client_files\file1.txt
avr. 30, 2025 2:18:54 AM client.Client sendMD5
INFOS: MD5 sent: a55fa882c6adadf5bdce6714035a9e76
avr. 30, 2025 2:18:54 AM client.Client assembleFile
INFOS: Number of blocks assembled: 2
avr. 30, 2025 2:18:54 AM client.Client startTrustedHelper
INFOS: Client ready to help others as TrustedHelper on port 0
avr. 30, 2025 2:18:54 AM client.Client sendMD5
INFOS: MD5 sent: a55fa882c6adadf5bdce6714035a9e76
avr. 30, 2025 2:18:54 AM client.Client registerAsHelper
INFOS: Registered as TrustedHelper: 127.0.0.1:59631
avr. 30, 2025 2:18:54 AM client.Client startTrustedHelper
INFOS: Client ready to help others as TrustedHelper on port 0
avr. 30, 2025 2:18:55 AM client.Client registerAsHelper
INFOS: Registered as TrustedHelper: 127.0.0.1:59633
avr. 30, 2025 2:19:53 AM client.Client requestFileList
INFOS: Available files: file1.txt;file2.txt
avr. 30, 2025 2:19:53 AM client.Client tryDownloadBlock
INFOS: Downloaded block 0 (1024 bytes)
avr. 30, 2025 2:19:53 AM client.Client tryDownloadBlock
INFOS: Downloaded block 1 (1024 bytes)
avr. 30, 2025 2:19:53 AM client.Client connect
INFOS: All downloads finished. Blocks received: 2
avr. 30, 2025 2:19:53 AM client.Client assembleFile
INFOS: File assembled successfully at: C:\Users\mishl\OneDrive\Bureau\Marco\Projet_Java_2025\.\client_files\file1.txt
avr. 30, 2025 2:19:53 AM client.Client assembleFile
INFOS: Number of blocks assembled: 2
avr. 30, 2025 2:19:53 AM client.Client sendMD5
INFOS: MD5 sent: a55fa882c6adadf5bdce6714035a9e76
avr. 30, 2025 2:19:53 AM client.Client startTrustedHelper
INFOS: Client ready to help others as TrustedHelper on port 0
avr. 30, 2025 2:19:54 AM client.Client registerAsHelper
INFOS: Registered as TrustedHelper: 127.0.0.1:59651
avr. 30, 2025 2:19:54 AM client.Client requestFileList
INFOS: Available files: file1.txt;file2.txt
avr. 30, 2025 2:19:54 AM client.Client tryDownloadBlock
INFOS: Downloaded block 0 (1024 bytes)
avr. 30, 2025 2:19:54 AM client.Client tryDownloadBlock
INFOS: Downloaded block 1 (1024 bytes)
avr. 30, 2025 2:19:54 AM client.Client connect
INFOS: All downloads finished. Blocks received: 2
avr. 30, 2025 2:19:54 AM client.Client assembleFile
INFOS: File assembled successfully at: C:\Users\mishl\OneDrive\Bureau\Marco\Projet_Java_2025\.\client_files\file1.txt
avr. 30, 2025 2:19:54 AM client.Client assembleFile
INFOS: Number of blocks assembled: 2
avr. 30, 2025 2:19:55 AM client.Client sendMD5
INFOS: MD5 sent: a55fa882c6adadf5bdce6714035a9e76
avr. 30, 2025 2:19:55 AM client.Client startTrustedHelper
INFOS: Client ready to help others as TrustedHelper on port 0
avr. 30, 2025 2:19:55 AM client.Client registerAsHelper
INFOS: Registered as TrustedHelper: 127.0.0.1:59658
avr. 30, 2025 2:19:57 AM client.Client requestFileList
INFOS: Available files: file1.txt;file2.txt
avr. 30, 2025 2:19:57 AM client.Client requestFileList
INFOS: Available files: file1.txt;file2.txt
avr. 30, 2025 2:19:57 AM client.Client tryDownloadBlock
INFOS: Downloaded block 1 (1024 bytes)
avr. 30, 2025 2:19:57 AM client.Client tryDownloadBlock
INFOS: Downloaded block 0 (1024 bytes)
avr. 30, 2025 2:19:57 AM client.Client connect
INFOS: All downloads finished. Blocks received: 2
avr. 30, 2025 2:19:57 AM client.Client tryDownloadBlock
INFOS: Downloaded block 1 (1024 bytes)
avr. 30, 2025 2:19:57 AM client.Client tryDownloadBlock
INFOS: Downloaded block 0 (1024 bytes)
avr. 30, 2025 2:19:57 AM client.Client assembleFile
INFOS: File assembled successfully at: C:\Users\mishl\OneDrive\Bureau\Marco\Projet_Java_2025\.\client_files\file1.txt
avr. 30, 2025 2:19:57 AM client.Client connect
INFOS: All downloads finished. Blocks received: 2
avr. 30, 2025 2:19:57 AM client.Client assembleFile
INFOS: Number of blocks assembled: 2
avr. 30, 2025 2:19:57 AM client.Client assembleFile
INFOS: File assembled successfully at: C:\Users\mishl\OneDrive\Bureau\Marco\Projet_Java_2025\.\client_files\file1.txt
avr. 30, 2025 2:19:57 AM client.Client sendMD5
INFOS: MD5 sent: a55fa882c6adadf5bdce6714035a9e76
avr. 30, 2025 2:19:57 AM client.Client assembleFile
INFOS: Number of blocks assembled: 2
avr. 30, 2025 2:19:57 AM client.Client startTrustedHelper
INFOS: Client ready to help others as TrustedHelper on port 0
avr. 30, 2025 2:19:57 AM client.Client sendMD5
INFOS: MD5 sent: a55fa882c6adadf5bdce6714035a9e76
avr. 30, 2025 2:19:57 AM client.Client startTrustedHelper
INFOS: Client ready to help others as TrustedHelper on port 0
avr. 30, 2025 2:19:57 AM client.Client registerAsHelper
INFOS: Registered as TrustedHelper: 127.0.0.1:59669
avr. 30, 2025 2:19:58 AM client.Client registerAsHelper
INFOS: Registered as TrustedHelper: 127.0.0.1:59668
avr. 30, 2025 2:48:57 AM client.Client requestFileList
INFOS: Available files: file1.txt;file2.txt
avr. 30, 2025 2:48:57 AM client.Client tryDownloadBlock
INFOS: Downloaded block 0 (1024 bytes)
avr. 30, 2025 2:48:57 AM client.Client tryDownloadBlock
INFOS: Downloaded block 1 (1024 bytes)
avr. 30, 2025 2:48:57 AM client.Client connect
INFOS: All downloads finished. Blocks received: 2
avr. 30, 2025 2:48:57 AM client.Client assembleFile
INFOS: File assembled successfully at: C:\Users\mishl\OneDrive\Bureau\Marco\Projet_Java_2025\.\client_files\file1.txt
avr. 30, 2025 2:48:57 AM client.Client assembleFile
INFOS: Number of blocks assembled: 2
avr. 30, 2025 2:48:57 AM client.Client sendMD5
INFOS: MD5 sent: a55fa882c6adadf5bdce6714035a9e76
avr. 30, 2025 2:48:57 AM client.Client startTrustedHelper
INFOS: Client ready to help others as TrustedHelper on port 0
avr. 30, 2025 2:48:58 AM client.Client registerAsHelper
INFOS: Registered as TrustedHelper: 127.0.0.1:58761
avr. 30, 2025 2:49:00 AM client.Client requestFileList
INFOS: Available files: file1.txt;file2.txt
avr. 30, 2025 2:49:00 AM client.Client tryDownloadBlock
INFOS: Downloaded block 0 (1024 bytes)
avr. 30, 2025 2:49:00 AM client.Client tryDownloadBlock
INFOS: Downloaded block 1 (1024 bytes)
avr. 30, 2025 2:49:00 AM client.Client connect
INFOS: All downloads finished. Blocks received: 2
avr. 30, 2025 2:49:00 AM client.Client assembleFile
INFOS: File assembled successfully at: C:\Users\mishl\OneDrive\Bureau\Marco\Projet_Java_2025\.\client_files\file1.txt
avr. 30, 2025 2:49:00 AM client.Client assembleFile
INFOS: Number of blocks assembled: 2
avr. 30, 2025 2:49:00 AM client.Client sendMD5
INFOS: MD5 sent: a55fa882c6adadf5bdce6714035a9e76
avr. 30, 2025 2:49:00 AM client.Client startTrustedHelper
INFOS: Client ready to help others as TrustedHelper on port 0
avr. 30, 2025 2:49:00 AM client.Client registerAsHelper
INFOS: Registered as TrustedHelper: 127.0.0.1:58780
avr. 30, 2025 2:49:02 AM client.Client requestFileList
INFOS: Available files: file1.txt;file2.txt
avr. 30, 2025 2:49:02 AM client.Client tryDownloadBlock
INFOS: Downloaded block 0 (1024 bytes)
avr. 30, 2025 2:49:02 AM client.Client requestFileList
INFOS: Available files: file1.txt;file2.txt
avr. 30, 2025 2:49:02 AM client.Client tryDownloadBlock
INFOS: Downloaded block 1 (1024 bytes)
avr. 30, 2025 2:49:02 AM client.Client connect
INFOS: All downloads finished. Blocks received: 2
avr. 30, 2025 2:49:02 AM client.Client tryDownloadBlock
INFOS: Downloaded block 1 (1024 bytes)
avr. 30, 2025 2:49:02 AM client.Client assembleFile
INFOS: File assembled successfully at: C:\Users\mishl\OneDrive\Bureau\Marco\Projet_Java_2025\.\client_files\file1.txt
avr. 30, 2025 2:49:02 AM client.Client assembleFile
INFOS: Number of blocks assembled: 2
avr. 30, 2025 2:49:02 AM client.Client sendMD5
INFOS: MD5 sent: a55fa882c6adadf5bdce6714035a9e76
avr. 30, 2025 2:49:03 AM client.Client tryDownloadBlock
INFOS: Downloaded block 0 (1024 bytes)
avr. 30, 2025 2:49:03 AM client.Client connect
INFOS: All downloads finished. Blocks received: 2
avr. 30, 2025 2:49:03 AM client.Client assembleFile
INFOS: File assembled successfully at: C:\Users\mishl\OneDrive\Bureau\Marco\Projet_Java_2025\.\client_files\file1.txt
avr. 30, 2025 2:49:03 AM client.Client assembleFile
INFOS: Number of blocks assembled: 2
avr. 30, 2025 2:49:03 AM client.Client sendMD5
INFOS: MD5 sent: a55fa882c6adadf5bdce6714035a9e76
avr. 30, 2025 2:49:03 AM client.Client startTrustedHelper
INFOS: Client ready to help others as TrustedHelper on port 0
avr. 30, 2025 2:49:03 AM client.Client startTrustedHelper
INFOS: Client ready to help others as TrustedHelper on port 0
avr. 30, 2025 2:49:04 AM client.Client registerAsHelper
INFOS: Registered as TrustedHelper: 127.0.0.1:58793
avr. 30, 2025 2:49:04 AM client.Client registerAsHelper
INFOS: Registered as TrustedHelper: 127.0.0.1:58794
avr. 30, 2025 3:34:18 AM client.Client requestFileList
INFOS: Available files: file1.txt;file2.txt
avr. 30, 2025 3:34:22 AM client.Client tryDownloadBlock
AVERTISSEMENT: Error downloading block 0: Connection refused: connect
avr. 30, 2025 3:34:22 AM client.Client tryDownloadBlock
AVERTISSEMENT: Error downloading block 1: Connection refused: connect
avr. 30, 2025 3:34:23 AM client.Client tryDownloadBlock
AVERTISSEMENT: Error downloading block 0: Connection refused: connect
avr. 30, 2025 3:34:23 AM client.Client tryDownloadBlock
AVERTISSEMENT: Error downloading block 1: Connection refused: connect
avr. 30, 2025 3:34:24 AM client.Client tryDownloadBlock
AVERTISSEMENT: Error downloading block 1: Connection refused: connect
avr. 30, 2025 3:34:24 AM client.Client tryDownloadBlock
AVERTISSEMENT: Error downloading block 0: Connection refused: connect
avr. 30, 2025 3:34:24 AM client.Client downloadBlock
GRAVE: Failed to download block 1 after 3 retries.
avr. 30, 2025 3:34:24 AM client.Client downloadBlock
GRAVE: Failed to download block 0 after 3 retries.
avr. 30, 2025 3:34:24 AM client.Client connect
INFOS: All downloads finished. Blocks received: 0
avr. 30, 2025 3:34:24 AM client.Client assembleFile
INFOS: File assembled successfully at: C:\Users\mishl\OneDrive\Bureau\Marco\Projet_Java_2025\.\client_files\file1.txt
avr. 30, 2025 3:34:24 AM client.Client assembleFile
INFOS: Number of blocks assembled: 0
avr. 30, 2025 3:34:25 AM client.Client sendMD5
GRAVE: Error computing or sending MD5: Connection refused: connect
avr. 30, 2025 3:34:25 AM client.Client startTrustedHelper
INFOS: Client ready to help others as TrustedHelper on port 0
avr. 30, 2025 3:34:25 AM client.Client registerAsHelper
AVERTISSEMENT: Failed to register helper: Connection refused: connect
avr. 30, 2025 3:52:19 AM client.Client requestFileList
INFOS: Available files: file1.txt;file2.txt
avr. 30, 2025 3:52:24 AM client.Client tryDownloadBlock
INFOS: Downloaded block 0 (1024 bytes)
avr. 30, 2025 3:52:24 AM client.Client tryDownloadBlock
INFOS: Downloaded block 1 (1024 bytes)
avr. 30, 2025 3:52:24 AM client.Client connect
INFOS: All downloads finished. Blocks received: 2
avr. 30, 2025 3:52:24 AM client.Client assembleFile
INFOS: File assembled successfully at: C:\Users\mishl\OneDrive\Bureau\Marco\Projet_Java_2025\.\client_files\file1.txt
avr. 30, 2025 3:52:24 AM client.Client assembleFile
INFOS: Number of blocks assembled: 2
avr. 30, 2025 3:52:24 AM client.Client sendMD5
GRAVE: Error computing or sending MD5: Connection refused: connect
avr. 30, 2025 3:52:24 AM client.Client startTrustedHelper
INFOS: Client ready to help others as TrustedHelper on port 0
avr. 30, 2025 3:52:25 AM client.Client registerAsHelper
AVERTISSEMENT: Failed to register helper: Connection refused: connect
avr. 30, 2025 4:11:11 AM client.Client requestFileList
INFOS: Available files: file1.txt;file2.txt
avr. 30, 2025 4:11:11 AM client.Client tryDownloadBlock
INFOS: Downloaded block 0 (1024 bytes)
avr. 30, 2025 4:11:11 AM client.Client tryDownloadBlock
INFOS: Downloaded block 1 (1024 bytes)
avr. 30, 2025 4:11:11 AM client.Client connect
INFOS: All downloads finished. Blocks received: 2
avr. 30, 2025 4:11:12 AM client.Client assembleFile
INFOS: File assembled successfully at: C:\Users\mishl\OneDrive\Bureau\Marco\Projet_Java_2025\.\client_files\file1.txt
avr. 30, 2025 4:11:12 AM client.Client assembleFile
INFOS: Number of blocks assembled: 2
avr. 30, 2025 4:11:12 AM client.Client sendMD5
INFOS: MD5 sent: a55fa882c6adadf5bdce6714035a9e76
avr. 30, 2025 4:11:12 AM client.Client startTrustedHelper
INFOS: Client ready to help others as TrustedHelper on port 0
avr. 30, 2025 4:11:13 AM client.Client registerAsHelper
INFOS: Registered as TrustedHelper: 127.0.0.1:51579
avr. 30, 2025 4:20:16 AM client.Client requestFileList
INFOS: Available files: file1.txt;file2.txt
avr. 30, 2025 4:20:17 AM client.Client tryDownloadBlock
INFOS: Downloaded block 1 (1024 bytes)
avr. 30, 2025 4:20:17 AM client.Client tryDownloadBlock
INFOS: Downloaded block 0 (1024 bytes)
avr. 30, 2025 4:20:17 AM client.Client connect
INFOS: All downloads finished. Blocks received: 2
avr. 30, 2025 4:20:17 AM client.Client assembleFile
INFOS: File assembled successfully at: C:\Users\mishl\OneDrive\Bureau\Marco\Projet_Java_2025\.\client_files\file1.txt
avr. 30, 2025 4:20:17 AM client.Client assembleFile
INFOS: Number of blocks assembled: 2
avr. 30, 2025 4:20:17 AM client.Client sendMD5
INFOS: MD5 sent: a55fa882c6adadf5bdce6714035a9e76
avr. 30, 2025 4:20:17 AM client.Client startTrustedHelper
INFOS: Client ready to help others as TrustedHelper on port 0
avr. 30, 2025 4:20:18 AM client.Client registerAsHelper
INFOS: Registered as TrustedHelper: 127.0.0.1:51691
avr. 30, 2025 4:20:33 AM client.Client requestFileList
INFOS: Available files: file1.txt;file2.txt
avr. 30, 2025 4:20:33 AM client.Client tryDownloadBlock
INFOS: Downloaded block 0 (1024 bytes)
avr. 30, 2025 4:20:33 AM client.Client tryDownloadBlock
INFOS: Downloaded block 1 (1024 bytes)
avr. 30, 2025 4:20:33 AM client.Client connect
INFOS: All downloads finished. Blocks received: 2
avr. 30, 2025 4:20:34 AM client.Client assembleFile
INFOS: File assembled successfully at: C:\Users\mishl\OneDrive\Bureau\Marco\Projet_Java_2025\.\client_files\file1.txt
avr. 30, 2025 4:20:34 AM client.Client assembleFile
INFOS: Number of blocks assembled: 2
avr. 30, 2025 4:20:34 AM client.Client sendMD5
INFOS: MD5 sent: a55fa882c6adadf5bdce6714035a9e76
avr. 30, 2025 4:20:34 AM client.Client startTrustedHelper
INFOS: Client ready to help others as TrustedHelper on port 0
avr. 30, 2025 4:20:34 AM client.Client registerAsHelper
INFOS: Registered as TrustedHelper: 127.0.0.1:51700
avr. 30, 2025 4:25:13 AM client.Client requestFileList
INFOS: Available files: file1.txt;file2.txt
avr. 30, 2025 4:25:13 AM client.Client tryDownloadBlock
INFOS: Downloaded block 1 (1024 bytes)
avr. 30, 2025 4:25:30 AM client.Client tryDownloadBlock
AVERTISSEMENT: Error downloading block 0: null
avr. 30, 2025 4:25:31 AM client.Client tryDownloadBlock
AVERTISSEMENT: Error downloading block 0: Connection refused: connect
avr. 30, 2025 4:25:31 AM client.Client tryDownloadBlock
AVERTISSEMENT: Error downloading block 0: Connection refused: connect
avr. 30, 2025 4:25:32 AM client.Client downloadBlock
GRAVE: Failed to download block 0 after 3 retries.
avr. 30, 2025 4:25:32 AM client.Client connect
INFOS: All downloads finished. Blocks received: 1
avr. 30, 2025 4:25:32 AM client.Client assembleFile
INFOS: File assembled successfully at: C:\Users\mishl\OneDrive\Bureau\Marco\Projet_Java_2025\.\client_files\file1.txt
avr. 30, 2025 4:25:32 AM client.Client assembleFile
INFOS: Number of blocks assembled: 1
avr. 30, 2025 4:25:32 AM client.Client sendMD5
GRAVE: Error computing or sending MD5: Connection refused: connect
avr. 30, 2025 4:25:32 AM client.Client startTrustedHelper
INFOS: Client ready to help others as TrustedHelper on port 0
avr. 30, 2025 4:25:33 AM client.Client registerAsHelper
AVERTISSEMENT: Failed to register helper: Connection refused: connect
avr. 30, 2025 4:37:14 AM client.Client requestFileList
INFOS: Available files: file1.txt;file2.txt
avr. 30, 2025 4:37:14 AM client.Client tryDownloadBlock
INFOS: Downloaded block 1 (1024 bytes)
avr. 30, 2025 4:37:15 AM client.Client tryDownloadBlock
AVERTISSEMENT: Error downloading block 0: null
avr. 30, 2025 4:37:15 AM client.Client tryDownloadBlock
AVERTISSEMENT: Error downloading block 0: Connection refused: connect
avr. 30, 2025 4:37:16 AM client.Client tryDownloadBlock
AVERTISSEMENT: Error downloading block 0: Connection refused: connect
avr. 30, 2025 4:37:16 AM client.Client downloadBlock
GRAVE: Failed to download block 0 after 3 retries.
avr. 30, 2025 4:37:16 AM client.Client connect
INFOS: All downloads finished. Blocks received: 1
avr. 30, 2025 4:37:16 AM client.Client assembleFile
INFOS: File assembled successfully at: C:\Users\mishl\OneDrive\Bureau\Marco\Projet_Java_2025\.\client_files\file1.txt
avr. 30, 2025 4:37:17 AM client.Client assembleFile
INFOS: Number of blocks assembled: 1
avr. 30, 2025 4:37:17 AM client.Client sendMD5
GRAVE: Error computing or sending MD5: Connection refused: connect
avr. 30, 2025 4:37:17 AM client.Client startTrustedHelper
INFOS: Client ready to help others as TrustedHelper on port 51899
avr. 30, 2025 4:37:17 AM client.Client registerAsHelper
AVERTISSEMENT: Failed to register helper: Connection refused: connect
avr. 30, 2025 4:37:22 AM client.Client requestFileList
AVERTISSEMENT: Error requesting file list: Connection refused: connect
avr. 30, 2025 4:37:24 AM client.Client connect
GRAVE: File file1.txt not found on server.
avr. 30, 2025 4:38:05 AM client.Client requestFileList
INFOS: Available files: file1.txt;file2.txt
avr. 30, 2025 4:38:06 AM client.Client tryDownloadBlock
INFOS: Downloaded block 0 (1024 bytes)
avr. 30, 2025 4:38:25 AM client.Client tryDownloadBlock
AVERTISSEMENT: Error downloading block 1: null
avr. 30, 2025 4:38:25 AM client.Client tryDownloadBlock
AVERTISSEMENT: Error downloading block 1: Connection refused: connect
avr. 30, 2025 4:38:26 AM client.Client tryDownloadBlock
AVERTISSEMENT: Error downloading block 1: Connection refused: connect
avr. 30, 2025 4:38:26 AM client.Client downloadBlock
GRAVE: Failed to download block 1 after 3 retries.
avr. 30, 2025 4:38:26 AM client.Client connect
INFOS: All downloads finished. Blocks received: 1
avr. 30, 2025 4:38:26 AM client.Client assembleFile
INFOS: File assembled successfully at: C:\Users\mishl\OneDrive\Bureau\Marco\Projet_Java_2025\.\client_files\file1.txt
avr. 30, 2025 4:38:26 AM client.Client assembleFile
INFOS: Number of blocks assembled: 1
avr. 30, 2025 4:38:26 AM client.Client sendMD5
GRAVE: Error computing or sending MD5: Connection refused: connect
avr. 30, 2025 4:38:27 AM client.Client startTrustedHelper
INFOS: Client ready to help others as TrustedHelper on port 51918
avr. 30, 2025 4:38:27 AM client.Client registerAsHelper
AVERTISSEMENT: Failed to register helper: Connection refused: connect
avr. 30, 2025 4:52:13 AM client.Client requestFileList
INFOS: Available files: file1.txt;file2.txt
avr. 30, 2025 4:52:13 AM client.Client tryDownloadBlock
INFOS: Downloaded block 0 (1024 bytes)
avr. 30, 2025 4:52:13 AM client.Client tryDownloadBlock
INFOS: Downloaded block 1 (1024 bytes)
avr. 30, 2025 4:52:13 AM client.Client connect
INFOS: All downloads finished. Blocks received: 2
avr. 30, 2025 4:52:13 AM client.Client assembleFile
INFOS: File assembled successfully at: C:\Users\mishl\OneDrive\Bureau\Marco\Projet_Java_2025\.\client_files\file1.txt
avr. 30, 2025 4:52:13 AM client.Client assembleFile
INFOS: Number of blocks assembled: 2
avr. 30, 2025 4:52:13 AM client.Client sendMD5
INFOS: MD5 sent: a55fa882c6adadf5bdce6714035a9e76
avr. 30, 2025 4:52:14 AM client.Client startTrustedHelper
INFOS: Client ready to help others as TrustedHelper on port 64406
avr. 30, 2025 4:52:14 AM client.Client registerAsHelper
INFOS: Registered as TrustedHelper: 127.0.0.1:64406
avr. 30, 2025 4:52:15 AM client.Client requestFileList
INFOS: Available files: file1.txt;file2.txt
avr. 30, 2025 4:52:15 AM client.Client tryDownloadBlock
INFOS: Downloaded block 0 (1024 bytes)
avr. 30, 2025 4:52:15 AM client.Client tryDownloadBlock
INFOS: Downloaded block 1 (1024 bytes)
avr. 30, 2025 4:52:15 AM client.Client connect
INFOS: All downloads finished. Blocks received: 2
avr. 30, 2025 4:52:16 AM client.Client assembleFile
INFOS: File assembled successfully at: C:\Users\mishl\OneDrive\Bureau\Marco\Projet_Java_2025\.\client_files\file1.txt
avr. 30, 2025 4:52:16 AM client.Client assembleFile
INFOS: Number of blocks assembled: 2
avr. 30, 2025 4:52:16 AM client.Client sendMD5
INFOS: MD5 sent: a55fa882c6adadf5bdce6714035a9e76
avr. 30, 2025 4:52:17 AM client.Client startTrustedHelper
INFOS: Client ready to help others as TrustedHelper on port 64415
avr. 30, 2025 4:52:17 AM client.Client registerAsHelper
INFOS: Registered as TrustedHelper: 127.0.0.1:64415
avr. 30, 2025 4:52:18 AM client.Client requestFileList
INFOS: Available files: file1.txt;file2.txt
avr. 30, 2025 4:52:18 AM client.Client requestFileList
INFOS: Available files: file1.txt;file2.txt
avr. 30, 2025 4:52:18 AM client.Client tryDownloadBlock
INFOS: Downloaded block 0 (1024 bytes)
avr. 30, 2025 4:52:18 AM client.Client tryDownloadBlock
INFOS: Downloaded block 1 (1024 bytes)
avr. 30, 2025 4:52:18 AM client.Client tryDownloadBlock
INFOS: Downloaded block 1 (1024 bytes)
avr. 30, 2025 4:52:18 AM client.Client tryDownloadBlock
INFOS: Downloaded block 0 (1024 bytes)
avr. 30, 2025 4:52:18 AM client.Client connect
INFOS: All downloads finished. Blocks received: 2
avr. 30, 2025 4:52:18 AM client.Client connect
INFOS: All downloads finished. Blocks received: 2
avr. 30, 2025 4:52:18 AM client.Client assembleFile
INFOS: File assembled successfully at: C:\Users\mishl\OneDrive\Bureau\Marco\Projet_Java_2025\.\client_files\file1.txt
avr. 30, 2025 4:52:18 AM client.Client assembleFile
INFOS: File assembled successfully at: C:\Users\mishl\OneDrive\Bureau\Marco\Projet_Java_2025\.\client_files\file1.txt
avr. 30, 2025 4:52:19 AM client.Client assembleFile
INFOS: Number of blocks assembled: 2
avr. 30, 2025 4:52:19 AM client.Client assembleFile
INFOS: Number of blocks assembled: 2
avr. 30, 2025 4:52:19 AM client.Client sendMD5
INFOS: MD5 sent: a55fa882c6adadf5bdce6714035a9e76
avr. 30, 2025 4:52:19 AM client.Client sendMD5
INFOS: MD5 sent: a55fa882c6adadf5bdce6714035a9e76
avr. 30, 2025 4:52:19 AM client.Client startTrustedHelper
INFOS: Client ready to help others as TrustedHelper on port 64425
avr. 30, 2025 4:52:19 AM client.Client startTrustedHelper
INFOS: Client ready to help others as TrustedHelper on port 64426
avr. 30, 2025 4:52:20 AM client.Client registerAsHelper
INFOS: Registered as TrustedHelper: 127.0.0.1:64425
avr. 30, 2025 4:52:20 AM client.Client registerAsHelper
INFOS: Registered as TrustedHelper: 127.0.0.1:64426
avr. 30, 2025 5:01:50 AM client.Client requestFileList
INFOS: Available files: file1.txt;file2.txt
avr. 30, 2025 5:01:59 AM client.Client tryDownloadBlock
AVERTISSEMENT: Error downloading block 0: Connection reset
avr. 30, 2025 5:01:59 AM client.Client tryDownloadBlock
AVERTISSEMENT: Error downloading block 1: Connection reset
avr. 30, 2025 5:02:00 AM client.Client tryDownloadBlock
AVERTISSEMENT: Error downloading block 0: Connection refused: connect
avr. 30, 2025 5:02:00 AM client.Client tryDownloadBlock
AVERTISSEMENT: Error downloading block 1: Connection refused: connect
avr. 30, 2025 5:02:00 AM client.Client tryDownloadBlock
AVERTISSEMENT: Error downloading block 0: Connection refused: connect
avr. 30, 2025 5:02:00 AM client.Client tryDownloadBlock
AVERTISSEMENT: Error downloading block 1: Connection refused: connect
avr. 30, 2025 5:02:01 AM client.Client downloadBlock
GRAVE: Failed to download block 0 after 3 retries.
avr. 30, 2025 5:02:01 AM client.Client downloadBlock
GRAVE: Failed to download block 1 after 3 retries.
avr. 30, 2025 5:02:01 AM client.Client connect
INFOS: All downloads finished. Blocks received: 0
avr. 30, 2025 5:02:01 AM client.Client assembleFile
INFOS: File assembled successfully at: C:\Users\mishl\OneDrive\Bureau\Marco\Projet_Java_2025\.\client_files\file1.txt
avr. 30, 2025 5:02:01 AM client.Client assembleFile
INFOS: Number of blocks assembled: 0
avr. 30, 2025 5:02:01 AM client.Client sendMD5
GRAVE: Error computing or sending MD5: Connection refused: connect
avr. 30, 2025 5:02:02 AM client.Client startTrustedHelper
INFOS: Client ready to help others as TrustedHelper on port 64567
avr. 30, 2025 5:02:02 AM client.Client registerAsHelper
AVERTISSEMENT: Failed to register helper: Connection refused: connect
avr. 30, 2025 5:03:03 AM client.Client requestFileList
INFOS: Available files: file1.txt;file2.txt
avr. 30, 2025 5:03:05 AM client.Client tryDownloadBlock
INFOS: Downloaded block 1 (1024 bytes)
avr. 30, 2025 5:03:05 AM client.Client tryDownloadBlock
INFOS: Downloaded block 0 (1024 bytes)
avr. 30, 2025 5:03:05 AM client.Client connect
INFOS: All downloads finished. Blocks received: 2
avr. 30, 2025 5:03:05 AM client.Client assembleFile
INFOS: File assembled successfully at: C:\Users\mishl\OneDrive\Bureau\Marco\Projet_Java_2025\.\client_files\file1.txt
avr. 30, 2025 5:03:05 AM client.Client assembleFile
INFOS: Number of blocks assembled: 2
avr. 30, 2025 5:03:05 AM client.Client sendMD5
INFOS: MD5 sent: a55fa882c6adadf5bdce6714035a9e76
avr. 30, 2025 5:03:05 AM client.Client startTrustedHelper
INFOS: Client ready to help others as TrustedHelper on port 64594
avr. 30, 2025 5:03:06 AM client.Client registerAsHelper
INFOS: Registered as TrustedHelper: 127.0.0.1:64594
avr. 30, 2025 5:05:17 AM client.Client requestFileList
INFOS: Available files: file1.txt;file2.txt
avr. 30, 2025 5:05:20 AM client.Client tryDownloadBlock
AVERTISSEMENT: Error downloading block 0: Connection refused: connect
avr. 30, 2025 5:05:20 AM client.Client tryDownloadBlock
AVERTISSEMENT: Error downloading block 1: Connection refused: connect
avr. 30, 2025 5:05:21 AM client.Client tryDownloadBlock
AVERTISSEMENT: Error downloading block 0: Connection refused: connect
avr. 30, 2025 5:05:21 AM client.Client tryDownloadBlock
AVERTISSEMENT: Error downloading block 1: Connection refused: connect
avr. 30, 2025 5:05:22 AM client.Client tryDownloadBlock
AVERTISSEMENT: Error downloading block 1: Connection refused: connect
avr. 30, 2025 5:05:22 AM client.Client tryDownloadBlock
AVERTISSEMENT: Error downloading block 0: Connection refused: connect
avr. 30, 2025 5:05:22 AM client.Client downloadBlock
GRAVE: Failed to download block 1 after 3 retries.
avr. 30, 2025 5:05:22 AM client.Client downloadBlock
GRAVE: Failed to download block 0 after 3 retries.
avr. 30, 2025 5:05:22 AM client.Client connect
INFOS: All downloads finished. Blocks received: 0
avr. 30, 2025 5:05:22 AM client.Client assembleFile
INFOS: File assembled successfully at: C:\Users\mishl\OneDrive\Bureau\Marco\Projet_Java_2025\.\client_files\file1.txt
avr. 30, 2025 5:05:22 AM client.Client assembleFile
INFOS: Number of blocks assembled: 0
avr. 30, 2025 5:05:23 AM client.Client sendMD5
GRAVE: Error computing or sending MD5: Connection refused: connect
avr. 30, 2025 5:05:23 AM client.Client startTrustedHelper
INFOS: Client ready to help others as TrustedHelper on port 64668
avr. 30, 2025 5:05:23 AM client.Client registerAsHelper
AVERTISSEMENT: Failed to register helper: Connection refused: connect
avr. 30, 2025 5:05:51 AM client.Client requestFileList
INFOS: Available files: file1.txt;file2.txt
avr. 30, 2025 5:05:56 AM client.Client tryDownloadBlock
AVERTISSEMENT: Error downloading block 1: Connection reset
avr. 30, 2025 5:05:56 AM client.Client tryDownloadBlock
AVERTISSEMENT: Error downloading block 0: Connection reset
avr. 30, 2025 5:05:57 AM client.Client tryDownloadBlock
AVERTISSEMENT: Error downloading block 0: Connection refused: connect
avr. 30, 2025 5:05:57 AM client.Client tryDownloadBlock
AVERTISSEMENT: Error downloading block 1: Connection refused: connect
avr. 30, 2025 5:05:57 AM client.Client tryDownloadBlock
AVERTISSEMENT: Error downloading block 0: Connection refused: connect
avr. 30, 2025 5:05:57 AM client.Client tryDownloadBlock
AVERTISSEMENT: Error downloading block 1: Connection refused: connect
avr. 30, 2025 5:05:58 AM client.Client downloadBlock
GRAVE: Failed to download block 1 after 3 retries.
avr. 30, 2025 5:05:58 AM client.Client downloadBlock
GRAVE: Failed to download block 0 after 3 retries.
avr. 30, 2025 5:05:58 AM client.Client connect
INFOS: All downloads finished. Blocks received: 0
avr. 30, 2025 5:05:58 AM client.Client assembleFile
INFOS: File assembled successfully at: C:\Users\mishl\OneDrive\Bureau\Marco\Projet_Java_2025\.\client_files\file1.txt
avr. 30, 2025 5:05:58 AM client.Client assembleFile
INFOS: Number of blocks assembled: 0
avr. 30, 2025 5:05:58 AM client.Client sendMD5
GRAVE: Error computing or sending MD5: Connection refused: connect
avr. 30, 2025 5:05:58 AM client.Client startTrustedHelper
INFOS: Client ready to help others as TrustedHelper on port 64699
avr. 30, 2025 5:05:58 AM client.Client registerAsHelper
AVERTISSEMENT: Failed to register helper: Connection refused: connect
avr. 30, 2025 5:15:28 AM client.Client requestFileList
INFOS: Available files: file1.txt;file2.txt
avr. 30, 2025 5:15:33 AM client.Client tryDownloadBlock
AVERTISSEMENT: Error downloading block 0: null
avr. 30, 2025 5:15:33 AM client.Client tryDownloadBlock
AVERTISSEMENT: Error downloading block 1: Connection reset
avr. 30, 2025 5:15:34 AM client.Client tryDownloadBlock
AVERTISSEMENT: Error downloading block 0: Connection refused: connect
avr. 30, 2025 5:15:34 AM client.Client tryDownloadBlock
AVERTISSEMENT: Error downloading block 1: Connection refused: connect
avr. 30, 2025 5:15:34 AM client.Client tryDownloadBlock
AVERTISSEMENT: Error downloading block 0: Connection refused: connect
avr. 30, 2025 5:15:34 AM client.Client tryDownloadBlock
AVERTISSEMENT: Error downloading block 1: Connection refused: connect
avr. 30, 2025 5:15:35 AM client.Client downloadBlock
GRAVE: Failed to download block 1 after 3 retries.
avr. 30, 2025 5:15:35 AM client.Client downloadBlock
GRAVE: Failed to download block 0 after 3 retries.
avr. 30, 2025 5:15:35 AM client.Client connect
INFOS: All downloads finished. Blocks received: 0
avr. 30, 2025 5:15:36 AM client.Client assembleFile
INFOS: File assembled successfully at: C:\Users\mishl\OneDrive\Bureau\Marco\Projet_Java_2025\.\client_files\file1.txt
avr. 30, 2025 5:15:36 AM client.Client assembleFile
INFOS: Number of blocks assembled: 0
avr. 30, 2025 5:15:36 AM client.Client sendMD5
GRAVE: Error computing or sending MD5: Connection refused: connect
avr. 30, 2025 5:15:38 AM client.Client startTrustedHelper
INFOS: Client ready to help others as TrustedHelper on port 64869
avr. 30, 2025 5:15:38 AM client.Client registerAsHelper
AVERTISSEMENT: Failed to register helper: Connection refused: connect
avr. 30, 2025 5:16:16 AM client.Client requestFileList
INFOS: Available files: file1.txt;file2.txt
avr. 30, 2025 5:16:22 AM client.Client tryDownloadBlock
AVERTISSEMENT: Error downloading block 0: Connection reset
avr. 30, 2025 5:16:22 AM client.Client tryDownloadBlock
AVERTISSEMENT: Error downloading block 1: Connection reset
avr. 30, 2025 5:16:23 AM client.Client tryDownloadBlock
AVERTISSEMENT: Error downloading block 0: Connection refused: connect
avr. 30, 2025 5:16:23 AM client.Client tryDownloadBlock
AVERTISSEMENT: Error downloading block 1: Connection refused: connect
avr. 30, 2025 5:16:23 AM client.Client tryDownloadBlock
AVERTISSEMENT: Error downloading block 0: Connection refused: connect
avr. 30, 2025 5:16:23 AM client.Client tryDownloadBlock
AVERTISSEMENT: Error downloading block 1: Connection refused: connect
avr. 30, 2025 5:16:24 AM client.Client downloadBlock
GRAVE: Failed to download block 0 after 3 retries.
avr. 30, 2025 5:16:24 AM client.Client downloadBlock
GRAVE: Failed to download block 1 after 3 retries.
avr. 30, 2025 5:16:24 AM client.Client connect
INFOS: All downloads finished. Blocks received: 0
avr. 30, 2025 5:16:24 AM client.Client assembleFile
INFOS: File assembled successfully at: C:\Users\mishl\OneDrive\Bureau\Marco\Projet_Java_2025\.\client_files\file1.txt
avr. 30, 2025 5:16:24 AM client.Client assembleFile
INFOS: Number of blocks assembled: 0
avr. 30, 2025 5:16:24 AM client.Client sendMD5
GRAVE: Error computing or sending MD5: Connection refused: connect
avr. 30, 2025 5:16:25 AM client.Client startTrustedHelper
INFOS: Client ready to help others as TrustedHelper on port 64916
avr. 30, 2025 5:16:25 AM client.Client registerAsHelper
AVERTISSEMENT: Failed to register helper: Connection refused: connect
avr. 30, 2025 5:19:24 AM client.Client requestFileList
INFOS: Available files: file1.txt;file2.txt
avr. 30, 2025 5:19:27 AM client.Client tryDownloadBlock
INFOS: Downloaded block 1 (1024 bytes)
avr. 30, 2025 5:19:27 AM client.Client tryDownloadBlock
INFOS: Downloaded block 0 (1024 bytes)
avr. 30, 2025 5:19:28 AM client.Client connect
INFOS: All downloads finished. Blocks received: 2
avr. 30, 2025 5:19:28 AM client.Client assembleFile
INFOS: File assembled successfully at: C:\Users\mishl\OneDrive\Bureau\Marco\Projet_Java_2025\.\client_files\file1.txt
avr. 30, 2025 5:19:28 AM client.Client assembleFile
INFOS: Number of blocks assembled: 2
avr. 30, 2025 5:19:28 AM client.Client sendMD5
INFOS: MD5 sent: a55fa882c6adadf5bdce6714035a9e76
avr. 30, 2025 5:19:28 AM client.Client startTrustedHelper
INFOS: Client ready to help others as TrustedHelper on port 64979
avr. 30, 2025 5:19:28 AM client.Client registerAsHelper
INFOS: Registered as TrustedHelper: 127.0.0.1:64979
avr. 30, 2025 6:24:56 AM client.Client requestFileList
AVERTISSEMENT: Error requesting file list: Connection refused: connect
avr. 30, 2025 6:24:56 AM client.Client connect
GRAVE: File file1.txt not found on server.
avr. 30, 2025 6:28:39 AM client.Client requestFileList
INFOS: Available files: file1.txt;file2.txt
avr. 30, 2025 6:28:39 AM client.Client tryDownloadBlock
INFOS: Downloaded block 1 (1024 bytes)
avr. 30, 2025 6:28:39 AM client.Client tryDownloadBlock
INFOS: Downloaded block 0 (1024 bytes)
avr. 30, 2025 6:28:39 AM client.Client connect
INFOS: All downloads finished. Blocks received: 2
avr. 30, 2025 6:28:39 AM client.Client assembleFile
INFOS: File assembled successfully at: C:\Users\mishl\OneDrive\Bureau\Marco\Projet_Java_2025\.\client_files\file1.txt
avr. 30, 2025 6:28:39 AM client.Client assembleFile
INFOS: Number of blocks assembled: 2
avr. 30, 2025 6:28:39 AM client.Client sendMD5
INFOS: MD5 sent: a55fa882c6adadf5bdce6714035a9e76
avr. 30, 2025 6:28:40 AM client.Client startTrustedHelper
INFOS: Client ready to help others as TrustedHelper on port 64261
avr. 30, 2025 6:28:40 AM client.Client registerAsHelper
INFOS: Registered as TrustedHelper: 127.0.0.1:64261
avr. 30, 2025 6:29:02 AM client.Client requestFileList
INFOS: Available files: file1.txt;file2.txt
avr. 30, 2025 6:29:02 AM client.Client tryDownloadBlock
INFOS: Downloaded block 1 (1024 bytes)
avr. 30, 2025 6:29:02 AM client.Client tryDownloadBlock
INFOS: Downloaded block 0 (1024 bytes)
avr. 30, 2025 6:29:02 AM client.Client connect
INFOS: All downloads finished. Blocks received: 2
avr. 30, 2025 6:29:02 AM client.Client assembleFile
INFOS: File assembled successfully at: C:\Users\mishl\OneDrive\Bureau\Marco\Projet_Java_2025\.\client_files\file1.txt
avr. 30, 2025 6:29:02 AM client.Client assembleFile
INFOS: Number of blocks assembled: 2
avr. 30, 2025 6:29:03 AM client.Client sendMD5
INFOS: MD5 sent: a55fa882c6adadf5bdce6714035a9e76
avr. 30, 2025 6:29:03 AM client.Client startTrustedHelper
INFOS: Client ready to help others as TrustedHelper on port 64272
avr. 30, 2025 6:29:03 AM client.Client registerAsHelper
INFOS: Registered as TrustedHelper: 127.0.0.1:64272
avr. 30, 2025 6:29:07 AM client.Client requestFileList
INFOS: Available files: file1.txt;file2.txt
avr. 30, 2025 6:29:07 AM client.Client tryDownloadBlock
INFOS: Downloaded block 0 (1024 bytes)
avr. 30, 2025 6:29:07 AM client.Client tryDownloadBlock
INFOS: Downloaded block 1 (1024 bytes)
avr. 30, 2025 6:29:07 AM client.Client connect
INFOS: All downloads finished. Blocks received: 2
avr. 30, 2025 6:29:07 AM client.Client assembleFile
INFOS: File assembled successfully at: C:\Users\mishl\OneDrive\Bureau\Marco\Projet_Java_2025\.\client_files\file1.txt
avr. 30, 2025 6:29:07 AM client.Client assembleFile
INFOS: Number of blocks assembled: 2
avr. 30, 2025 6:29:07 AM client.Client sendMD5
INFOS: MD5 sent: a55fa882c6adadf5bdce6714035a9e76
avr. 30, 2025 6:29:08 AM client.Client startTrustedHelper
INFOS: Client ready to help others as TrustedHelper on port 64282
avr. 30, 2025 6:29:08 AM client.Client registerAsHelper
INFOS: Registered as TrustedHelper: 127.0.0.1:64282
avr. 30, 2025 6:29:20 AM client.Client requestFileList
INFOS: Available files: file1.txt;file2.txt
avr. 30, 2025 6:29:20 AM client.Client tryDownloadBlock
INFOS: Downloaded block 0 (1024 bytes)
avr. 30, 2025 6:29:20 AM client.Client tryDownloadBlock
INFOS: Downloaded block 1 (1024 bytes)
avr. 30, 2025 6:29:20 AM client.Client connect
INFOS: All downloads finished. Blocks received: 2
avr. 30, 2025 6:29:20 AM client.Client assembleFile
INFOS: File assembled successfully at: C:\Users\mishl\OneDrive\Bureau\Marco\Projet_Java_2025\.\client_files\file1.txt
avr. 30, 2025 6:29:20 AM client.Client assembleFile
INFOS: Number of blocks assembled: 2
avr. 30, 2025 6:29:21 AM client.Client sendMD5
INFOS: MD5 sent: a55fa882c6adadf5bdce6714035a9e76
avr. 30, 2025 6:29:21 AM client.Client startTrustedHelper
INFOS: Client ready to help others as TrustedHelper on port 64295
avr. 30, 2025 6:29:21 AM client.Client registerAsHelper
INFOS: Registered as TrustedHelper: 127.0.0.1:64295
avr. 30, 2025 6:29:28 AM client.Client requestFileList
INFOS: Available files: file1.txt;file2.txt
avr. 30, 2025 6:29:28 AM client.Client tryDownloadBlock
INFOS: Downloaded block 1 (1024 bytes)
avr. 30, 2025 6:29:28 AM client.Client tryDownloadBlock
INFOS: Downloaded block 0 (1024 bytes)
avr. 30, 2025 6:29:28 AM client.Client connect
INFOS: All downloads finished. Blocks received: 2
avr. 30, 2025 6:29:28 AM client.Client assembleFile
INFOS: File assembled successfully at: C:\Users\mishl\OneDrive\Bureau\Marco\Projet_Java_2025\.\client_files\file1.txt
avr. 30, 2025 6:29:28 AM client.Client assembleFile
INFOS: Number of blocks assembled: 2
avr. 30, 2025 6:29:29 AM client.Client sendMD5
INFOS: MD5 sent: a55fa882c6adadf5bdce6714035a9e76
avr. 30, 2025 6:29:29 AM client.Client startTrustedHelper
INFOS: Client ready to help others as TrustedHelper on port 64303
avr. 30, 2025 6:29:29 AM client.Client registerAsHelper
INFOS: Registered as TrustedHelper: 127.0.0.1:64303
avr. 30, 2025 6:41:16 AM client.Client requestFileList
INFOS: Available files: file1.txt;file2.txt
avr. 30, 2025 6:41:19 AM client.Client tryDownloadBlock
INFOS: Downloaded block 1 (1024 bytes)
avr. 30, 2025 6:41:19 AM client.Client tryDownloadBlock
INFOS: Downloaded block 0 (1024 bytes)
avr. 30, 2025 6:41:19 AM client.Client connect
INFOS: All downloads finished. Blocks received: 2
avr. 30, 2025 6:41:20 AM client.Client assembleFile
INFOS: File assembled successfully at: C:\Users\mishl\OneDrive\Bureau\Marco\Projet_Java_2025\.\client_files\file1.txt
avr. 30, 2025 6:41:20 AM client.Client assembleFile
INFOS: Number of blocks assembled: 2
avr. 30, 2025 6:41:20 AM client.Client sendMD5
INFOS: MD5 sent: a55fa882c6adadf5bdce6714035a9e76
avr. 30, 2025 6:41:20 AM client.Client startTrustedHelper
INFOS: Client ready to help others as TrustedHelper on port 64469
avr. 30, 2025 6:41:20 AM client.Client registerAsHelper
INFOS: Registered as TrustedHelper: 127.0.0.1:64469
avr. 30, 2025 6:42:27 AM client.Client requestFileList
INFOS: Available files: file1.txt;file2.txt
avr. 30, 2025 6:42:41 AM client.Client tryDownloadBlock
AVERTISSEMENT: Error downloading block 1: Connection reset
avr. 30, 2025 6:42:41 AM client.Client tryDownloadBlock
AVERTISSEMENT: Error downloading block 0: null
avr. 30, 2025 6:42:41 AM client.Client tryDownloadBlock
AVERTISSEMENT: Error downloading block 0: Connection refused: connect
avr. 30, 2025 6:42:41 AM client.Client tryDownloadBlock
AVERTISSEMENT: Error downloading block 1: Connection refused: connect
avr. 30, 2025 6:42:42 AM client.Client tryDownloadBlock
AVERTISSEMENT: Error downloading block 0: Connection refused: connect
avr. 30, 2025 6:42:42 AM client.Client tryDownloadBlock
AVERTISSEMENT: Error downloading block 1: Connection refused: connect
avr. 30, 2025 6:42:43 AM client.Client downloadBlock
GRAVE: Failed to download block 1 after 3 retries.
avr. 30, 2025 6:42:43 AM client.Client downloadBlock
GRAVE: Failed to download block 0 after 3 retries.
avr. 30, 2025 6:42:43 AM client.Client connect
INFOS: All downloads finished. Blocks received: 0
avr. 30, 2025 6:42:43 AM client.Client assembleFile
INFOS: File assembled successfully at: C:\Users\mishl\OneDrive\Bureau\Marco\Projet_Java_2025\.\client_files\file1.txt
avr. 30, 2025 6:42:43 AM client.Client assembleFile
INFOS: Number of blocks assembled: 0
avr. 30, 2025 6:42:43 AM client.Client sendMD5
GRAVE: Error computing or sending MD5: Connection refused: connect
avr. 30, 2025 6:42:43 AM client.Client startTrustedHelper
INFOS: Client ready to help others as TrustedHelper on port 64525
avr. 30, 2025 6:42:43 AM client.Client registerAsHelper
AVERTISSEMENT: Failed to register helper: Connection refused: connect
avr. 30, 2025 7:28:03 AM client.Client requestFileList
INFOS: Available files: file1.txt;file2.txt
avr. 30, 2025 7:28:03 AM client.Client tryDownloadBlock
INFOS: Downloaded block 1 (1024 bytes)
avr. 30, 2025 7:28:04 AM client.Client tryDownloadBlock
INFOS: Downloaded block 0 (1024 bytes)
avr. 30, 2025 7:28:04 AM client.Client connect
INFOS: All downloads finished. Blocks received: 2
avr. 30, 2025 7:28:04 AM client.Client assembleFile
INFOS: File assembled successfully at: C:\Users\mishl\OneDrive\Bureau\Marco\Projet_Java_2025\.\client_files\file1.txt
avr. 30, 2025 7:28:04 AM client.Client assembleFile
INFOS: Number of blocks assembled: 2
avr. 30, 2025 7:28:04 AM client.Client sendMD5
INFOS: MD5 sent: a55fa882c6adadf5bdce6714035a9e76
avr. 30, 2025 7:28:05 AM client.Client startTrustedHelper
INFOS: Client ready to help others as TrustedHelper on port 52103
avr. 30, 2025 7:28:05 AM client.Client registerAsHelper
INFOS: Registered as TrustedHelper: 127.0.0.1:52103
avr. 30, 2025 7:33:13 AM client.Client requestFileList
INFOS: Available files: file1.txt;file2.txt
avr. 30, 2025 7:33:14 AM client.Client tryDownloadBlock
INFOS: Downloaded block 1 (1024 bytes)
avr. 30, 2025 7:33:14 AM client.Client tryDownloadBlock
INFOS: Downloaded block 0 (1024 bytes)
avr. 30, 2025 7:33:14 AM client.Client connect
INFOS: All downloads finished. Blocks received: 2
avr. 30, 2025 7:33:14 AM client.Client assembleFile
INFOS: File assembled successfully at: C:\Users\mishl\OneDrive\Bureau\Marco\Projet_Java_2025\.\client_files\file1.txt
avr. 30, 2025 7:33:14 AM client.Client assembleFile
INFOS: Number of blocks assembled: 2
avr. 30, 2025 7:33:14 AM client.Client sendMD5
INFOS: MD5 sent: a55fa882c6adadf5bdce6714035a9e76
avr. 30, 2025 7:33:15 AM client.Client startTrustedHelper
INFOS: Client ready to help others as TrustedHelper on port 52971
avr. 30, 2025 7:33:15 AM client.Client registerAsHelper
INFOS: Registered as TrustedHelper: 127.0.0.1:52971
